CustomerID,Age,Gender,Region,PlanType,MonthlyCharges,TenureMonths,SupportTickets,AvgMonthlyUsageHours,ContractType,PaymentMethod,AutoPay,SatisfactionScore,LastLoginDays,ReferralCount,DeviceCount,Churn
C0001,__35__,Male,South,Basic,16.62,2,5,__27.0__,Quarterly,Card,Yes,4,26,0,1,0
C0002,26,Male,North,Standard,46.23,__4__,0,46.1,Monthly,UPI,Yes,5,11,0,2,1
C0003,31,Female,North,Standard,43.04,32,0,27.2,,UPI,Yes,7,6,2,3,0
C0004,34,Male,East,Basic,29.19,20,4,25.1,Monthly,Bank Transfer,Yes,4,19,0,4,0
C0005,38,Female,North,Basic,24.95,1,4,49,Monthly,Cash,No,3,25,0,3,1
C0006,36,Female,East,Standard,47.99,11,0,36.8,3,Card,Yes,8,0,2,3,0
C0007,28,Female,West,Standard,37.51,64,2,40.2,Quarterly,N/A,Yes,5,10,2,3,0
C0008,58,Male,Central,Standard,37.32,13,4,50.6,3,Bank Transfer,Yes,5,13,4,2,0
C0009,26,Male,East,Premium,69.6,33,1,57.3,Yearly,Cash,Yes,6,1,2,2,0
C0010,23,Male,Central,Standard,43.56,5,0,37.6,Monthly,Card,No,5,0,0,2,0
C0011,29,Male,South,Basic,27.07,23,5,42.2,Monthly,Card,Yes,4,20,0,1,0
C0012,29,Female,West,Basic,15.25,2,3,46.1,Monthly,UPI,No,6,9,0,2,0
C0013,37,Male,West,Basic,__23.2__,12,5,37.7,Yearly,UPI,,4,3,1,2,0
C0014,37,Female,West,Premium,83.14,4,4,53.1,Yearly,UPI,Yes,4,0,"""""",2,0
C0015,39,Male,Central,Basic,23.21,7,7,44.1,Yearly,Bank Transfer,Yes,1,18,1,2,0
C0016,18,Female,Central,Standard,52.84,18,0,"""49.1""",Monthly,Cash,Yes,6,0,0,3,0
C0017,29,Male,West,Standard,54.22,15,4,"""49.0""",Monthly,__value__,Yes,__6__,11,0,3,0
C0018,26,Female,Central,Basic,39.74,31,NaN,56.5,Yearly,Card,Yes,__7__,12,0,3,0
C0019,41,Male,West,Basic,28.87,43,8,44.9,Yearly,Card,Yes,7,27,1,3,0
C0020,32,Female,South,Standard,40.54,33,1,38.7,Monthly,Card,No,7,0,1,2,0
C0021,52,Female,West,Premium,83.38,25,3,49.6,,UPI,Yes,4,10,4,3,0
C0022,28,Male,South,Premium,63.58,3,5,37.1,1,UPI,Yes,3,30,2,3,1
C0023,26,Non-binary,East,Basic,32.1,13,3,22.1,Monthly,Card,No,5,20,1,2,0
C0024,26,Male,Central,Basic,29.59,42,5,43.8,Monthly,Bank Transfer,No,2,0,0,1,0
C0025,60,Female,N/A,Standard,36.31,7,1,52.2,Monthly,Card,Yes,2,__18__,0,1,0
C0026,32,Male,East,Basic,27.57,28,3,35.2,Monthly,UPI,Yes,6,0,0,1,0
C0027,29,Male,South,2,32.47,5,2,43.8,Monthly,Bank Transfer,No,7,10,0,1,0
C0028,28,Female,North,Premium,75.21,36,4,40.4,Monthly,UPI,No,unknown,10,2,3,1
C0029,23,Female,East,3,77.17,40,0,42.6,Monthly,UPI,Yes,9,0,1,3,0
C0030,24,Female,South,Basic,8.5,2,4,49.5,Monthly,Bank Transfer,Yes,5,25,0,1,0
C0031,26,Male,West,Basic,15.81,27,5,40,Yearly,Bank Transfer,1,6,5,0,3,0
C0032,19,Female,South,Standard,38.9,6,0,43,Quarterly,UPI,No,9,0,4,2,0
C0033,23,Male,West,Basic,11.56,12,7,43.6,Monthly,Card,No,1,28,1,1,1
C0034,50,Non-binary,East,Basic,19.21,2,5,39.9,Monthly,Card,No,3,10,0,2,0
C0035,28,Male,Central,Standard,43.34,25,5,54.2,Yearly,Card,Yes,4,22,2,2,0
C0036,51,Female,North,Standard,47.63,7,0,23.8,3,Bank Transfer,,5,2,3,3,0
C0037,25,Male,East,Standard,46.47,32,1,30.4,Quarterly,Cash,Yes,,0,0,2,0
C0038,34,Female,North,Basic,33.53,unknown,5,26.5,Quarterly,Card,Yes,3,22,0,2,1
C0039,18,Female,Central,Premium,65.64,2,1,41.2,Yearly,UPI,No,4,8,3,4,0
C0040,31,Female,Central,Basic,27.91,72,3,38.1,Monthly,Card,1,5,0,0,1,0
C0041,43,Male,Central,Premium,87.23,14,2,58.5,Monthly,Card,Yes,8,5,2,6,0
C0042,35,Female,West,Basic,14.07,1,4,53.3,Monthly,Cash,Yes,5,8,2,3,0
C0043,34,Female,East,Basic,13.77,6,3,unknown,Quarterly,,No,2,25,0,3,0
C0044,33,Non-binary,North,Premium,73.82,__5__,2,69.2,Monthly,Card,Yes,7,6,__0__,2,0
C0045,32,Male,South,Premium,62.99,unknown,0,42.6,Yearly,Bank Transfer,Yes,5,0,2,3,0
C0046,30,Female,East,Standard,54.44,12,1,52.3,__value__,Bank Transfer,Yes,3,0,0,1,1
C0047,39,Female,Central,Premium,86.88,72,1,unknown,Monthly,UPI,Yes,4,0,2,4,0
C0048,32,Male,__value__,__value__,18.18,2,6,50.1,Monthly,Bank Transfer,Yes,3,14,2,3,1
C0049,40,Female,North,Standard,26.15,15,,45.4,Monthly,UPI,No,6,0,0,1,0
C0050,35,Non-binary,Central,Premium,71.14,23,2,55.2,Monthly,Card,0,9,16,2,3,0
C0051,32,Male,West,Premium,87.08,6,0,50.6,Yearly,Bank Transfer,No,8,0,3,2,0
C0052,18,Male,East,Premium,"""74.28""",16,0,"""""",Monthly,Bank Transfer,Yes,7,0,5,3,0
C0053,37,Female,West,Basic,25.84,25,4,21.7,1,Bank Transfer,No,6,5,2,2,0
C0054,52,Male,Central,Premium,63.1,1,4,70.5,Yearly,Card,No,5,24,1,3,0
C0055,30,Female,West,Premium,66.21,1,4,59.5,Yearly,Cash,No,5,13,0,1,0
C0056,28,Male,North,Basic,8.5,9,6,51.2,Quarterly,,Yes,7,21,0,1,0
C0057,44,Male,East,Standard,48.96,42,0,44,Monthly,Card,No,8,0,4,2,0
C0058,23,,North,Basic,47.09,16,0,26.4,Monthly,Cash,No,6,13,0,1,1
C0059,26,Female,East,Standard,36.19,5,2,34.2,Monthly,Card,No,6,0,1,2,0
C0060,55,N/A,East,Standard,45.46,2,1,59.3,Monthly,Card,Yes,8,2,4,2,0
C0061,42,Female,East,Premium,66.82,12,5,61.1,Monthly,UPI,No,1,25,1,3,1
C0062,36,Male,East,2,46.09,32,3,39.3,Monthly,Card,No,1,0,1,2,0
C0063,44,Male,South,Basic,14.34,1,6,40.4,Monthly,Bank Transfer,Yes,1,34,0,1,1
C0064,33,Female,West,Standard,25.53,51,1,58.3,Monthly,Bank Transfer,Yes,3,19,0,3,0
C0065,45,Non-binary,West,,20.39,5,1,19.2,Monthly,Card,No,6,0,2,1,0
C0066,40,Female,Central,Basic,12.62,36,5,45.3,Monthly,Card,No,4,8,1,1,0
C0067,38,Female,Central,Basic,20.33,unknown,3,44.6,Quarterly,Bank Transfer,Yes,3,2,3,2,0
C0068,35,Non-binary,West,Standard,40.42,3,1,30.2,Yearly,Card,Yes,9,12,0,1,0
C0069,29,Female,West,Basic,14.16,22,7,"""27.5""",Yearly,UPI,Yes,3,16,0,3,0
C0070,46,Female,East,Premium,79.75,21,1,54.5,1,Bank Transfer,No,5,7,5,unknown,0
C0071,31,Female,West,Premium,67.79,23,4,50.1,Monthly,Bank Transfer,Yes,4,3,,5,0
C0072,38,Female,Central,Premium,64.58,31,0,43.7,Monthly,Cash,No,6,5,1,2,0
C0073,59,Female,West,Basic,18.62,25,6,39.6,Monthly,Card,Yes,4,18,0,4,0
C0074,41,Female,North,2,,6,0,31.2,Monthly,Card,No,8,8,1,3,0
C0075,35,Male,Central,Basic,"""""",5,8,33.7,Yearly,Card,Yes,1,21,2,3,1
C0076,21,Male,West,3,70.72,1,6,55.4,Yearly,Bank Transfer,,4,7,2,3,0
C0077,41,Female,East,Basic,8.5,34,5,55.4,1,Card,Yes,3,16,1,3,0
C0078,18,Male,South,Basic,16.91,3,6,54.6,Yearly,Bank Transfer,Yes,5,4,1,1,0
C0079,49,Female,Central,Basic,13.27,64,4,51.8,Monthly,N/A,No,3,0,2,3,1
C0080,30,Female,North,,46.83,13,0,45.2,Yearly,UPI,Yes,8,0,1,3,0
C0081,41,Female,East,Premium,"""76.42""",2,"""""",51.3,Quarterly,Cash,Yes,5,1,3,3,0
C0082,35,Female,East,Basic,15.63,2,"""""",32.9,Quarterly,Bank Transfer,No,6,5,0,2,0
C0083,53,Male,Central,Standard,39.5,2,0,36.3,Monthly,Card,No,10,0,2,2,0
C0084,34,Male,South,Basic,17.92,27,8,87.5,1,Card,No,1,16,0,1,1
C0085,47,Female,South,1,10.22,33,5,20.9,Monthly,Bank Transfer,Yes,3,3,0,2,0
C0086,24,Male,West,Premium,78.12,4,1,NaN,Monthly,UPI,No,4,7,2,4,0
C0087,39,Female,East,Standard,40.12,2,4,23.3,Monthly,UPI,Yes,5,9,0,3,0
C0088,27,Male,North,Basic,20.24,9,4,44,Monthly,Card,unknown,4,3,1,2,0
C0089,18,Female,West,Standard,44.6,1,3,45.3,Yearly,Bank Transfer,No,5,9,0,3,1
C0090,19,Male,North,Premium,81.86,13,0,50.5,Quarterly,UPI,Yes,8,1,2,3,0
C0091,26,Female,Central,Standard,40.89,72,0,38.3,Monthly,Bank Transfer,No,6,0,1,1,0
C0092,23,Female,East,Basic,NaN,8,3,54.7,Yearly,UPI,No,5,10,2,3,0
C0093,44,Female,North,Basic,19.24,7,2,53.6,Monthly,Card,No,5,25,3,3,0
C0094,40,Male,West,Premium,66.83,9,4,,Monthly,Cash,1,5,0,4,4,0
C0095,27,Male,East,Basic,16.02,17,2,,Monthly,Card,No,2,34,0,4,0
C0096,50,Male,South,Premium,80.18,3,0,42,Monthly,Card,No,5,,0,2,0
C0097,NaN,Female,Central,Basic,,"""""",4,49.2,Yearly,Card,Yes,1,11,3,3,0
C0098,40,Female,West,Basic,28.73,3,6,43.5,Quarterly,Cash,No,9,6,0,1,0
C0099,34,Male,South,Premium,81.54,13,3,58.3,Monthly,UPI,Yes,3,7,2,2,0
C0100,45,Non-binary,West,Standard,45.55,27,2,"""""",Yearly,Bank Transfer,Yes,6,0,3,1,0
C0101,48,N/A,North,Premium,93.95,14,1,59.9,Yearly,Card,No,5,4,2,3,0
C0102,34,Female,North,Standard,53.07,4,3,39,Quarterly,UPI,No,6,0,1,2,1
C0103,27,Female,Central,Standard,33.86,19,0,42.2,Monthly,Cash,Yes,7,0,0,2,0
C0104,25,unknown,Central,Basic,21.41,36,2,71.2,Monthly,Card,No,5,2,1,2,0
C0105,39,Female,Central,Standard,44,60,5,29.1,Yearly,UPI,Yes,8,25,0,2,0
C0106,46,Male,South,1,22.29,8,7,44.3,Yearly,unknown,Yes,1,14,0,3,0
C0107,37,Male,Central,Standard,34.39,9,1,"""52.3""",Monthly,Bank Transfer,No,"""""",0,1,2,0
C0108,51,Male,South,Basic,17.15,13,4,41,Monthly,Card,Yes,2,15,0,2,0
C0109,54,Female,East,Standard,62.84,13,0,"""""",2,Bank Transfer,Yes,6,6,0,2,0
C0110,47,Female,East,Premium,66.89,28,2,39.3,Quarterly,Bank Transfer,Yes,4,0,2,3,0
C0111,63,Male,North,Standard,45.84,10,0,45.9,Monthly,Bank Transfer,Yes,8,0,1,1,0
C0112,49,Male,South,2,,14,0,37.3,Yearly,UPI,No,7,12,2,2,0
C0113,66,Female,South,Standard,33.83,13,0,43.8,Yearly,UPI,Yes,5,0,2,2,0
C0114,37,Male,North,Basic,13.54,11,5,53.3,Monthly,Bank Transfer,unknown,4,8,0,1,1
C0115,30,Female,North,Basic,9.38,8,2,44.4,Monthly,Cash,No,7,unknown,2,2,0
C0116,37,Male,North,Premium,"""68.42""",2,NaN,47.9,Quarterly,Cash,No,8,19,4,5,0
C0117,26,Female,East,Premium,80.64,1,1,51.6,Yearly,Card,No,5,4,5,3,0
C0118,NaN,Male,West,Standard,45.66,23,4,41.9,Monthly,UPI,Yes,2,2,0,2,0
C0119,33,Non-binary,West,Basic,20.09,6,5,48.8,Yearly,Cash,Yes,5,,0,1,1
C0120,43,Male,Central,Premium,79.63,40,2,36.8,Quarterly,Cash,Yes,6,23,0,3,0
C0121,25,Female,Central,Premium,83.88,32,2,36.9,Quarterly,UPI,Yes,4,2,2,3,0
C0122,43,Female,South,Basic,14.92,14,6,45.5,Quarterly,Card,Yes,4,4,0,2,1
C0123,18,Female,West,Basic,21.4,1,5,44.9,Monthly,UPI,Yes,7,19,2,2,0
C0124,39,Female,West,Basic,21.9,40,0,49.8,Monthly,Card,No,7,0,1,2,0
C0125,32,Non-binary,North,Standard,44.6,70,0,46,Monthly,Card,Yes,5,0,2,4,0
C0126,52,Female,North,Basic,20.36,2,3,34.6,Quarterly,UPI,Yes,7,11,0,1,0
C0127,59,Male,Central,1,37.57,17,4,32.5,Monthly,Card,No,5,16,4,3,0
C0128,50,Male,West,Basic,12.08,8,3,32.8,Monthly,UPI,Yes,5,14,0,2,0
C0129,40,Male,North,Standard,38.51,62,1,,1,Card,No,9,0,4,3,0
C0130,35,Female,North,Basic,29.89,26,4,27.1,Monthly,UPI,Yes,5,7,5,2,0
C0131,49,Male,Central,Standard,41.98,10,2,51.2,Monthly,Bank Transfer,No,5,,2,2,0
C0132,33,Male,South,Basic,8.5,10,3,38.3,Monthly,Card,No,3,6,1,3,0
C0133,43,Female,East,Basic,9.85,32,8,36.7,Monthly,Card,No,4,26,0,2,0
C0134,34,Male,North,Premium,72.84,20,2,42.2,Yearly,Card,No,9,3,1,4,0
C0135,27,Female,North,Standard,,10,5,42.6,Monthly,Card,Yes,3,4,1,2,0
C0136,28,Female,East,Premium,74.09,6,0,60.4,Monthly,Bank Transfer,0,7,16,3,2,0
C0137,37,Male,Central,Standard,38.46,19,1,__37.4__,Yearly,Bank Transfer,Yes,10,0,5,2,0
C0138,50,Female,East,Basic,10.86,,9,29.1,Quarterly,Card,No,1,44,0,1,1
C0139,33,Male,South,Standard,43.91,35,1,29.4,Monthly,UPI,No,NaN,0,0,1,0
C0140,37,Female,Central,Premium,78.16,10,2,50.8,Monthly,Cash,Yes,3,25,0,3,0
C0141,50,Female,North,Basic,23.7,4,4,25.9,Quarterly,Card,Yes,6,11,0,2,0
C0142,41,Female,West,Basic,26.07,2,2,36.5,Yearly,UPI,Yes,4,17,0,1,0
C0143,37,Female,South,Basic,__27.7__,7,4,"""41.2""",Monthly,Bank Transfer,Yes,6,13,1,3,0
C0144,38,Male,West,Basic,21.58,18,5,31.5,Monthly,UPI,No,5,9,0,4,0
C0145,25,Non-binary,East,Standard,61.02,19,5,36.9,Monthly,Card,No,1,29,2,5,1
C0146,37,Female,South,Standard,40.14,7,0,23,Yearly,Card,Yes,,0,0,1,0
C0147,unknown,Female,West,Standard,52.97,47,3,32.9,Monthly,Cash,No,6,0,1,2,0
C0148,33,Female,Central,3,70.85,21,0,64.8,Yearly,Bank Transfer,Yes,7,unknown,0,3,0
C0149,26,Female,Central,2,44.66,3,4,40.8,Monthly,Cash,Yes,6,0,0,2,0
C0150,26,Male,West,Basic,17.02,7,5,35.7,Yearly,Bank Transfer,No,8,32,2,3,0
C0151,18,Male,West,Standard,34.59,4,1,32.5,Quarterly,UPI,Yes,6,6,1,3,0
C0152,41,Female,Central,Basic,8.5,,3,43.5,Yearly,Bank Transfer,No,4,3,0,1,0
C0153,22,Female,unknown,Premium,65.14,17,1,45.3,Monthly,Card,Yes,7,9,0,2,0
C0154,23,Female,South,Standard,42.83,13,3,48.6,Monthly,Card,1,6,7,2,1,0
C0155,20,Male,West,2,42.38,2,5,44.3,Monthly,Card,N/A,5,22,0,1,0
C0156,41,Female,East,2,44.57,26,2,29.7,Monthly,Bank Transfer,No,5,0,1,2,0
C0157,40,Female,North,Standard,39.4,5,3,27.7,Monthly,UPI,No,5,14,1,3,1
C0158,31,Female,East,Premium,80.24,7,0,42,Monthly,UPI,N/A,8,13,2,3,0
C0159,27,Male,South,Standard,31.67,32,2,25,Monthly,Bank Transfer,Yes,4,9,0,1,0
C0160,28,Female,East,Standard,41.37,13,0,31.1,Yearly,Card,No,6,0,2,1,0
C0161,57,Female,East,Premium,72.03,8,0,47.3,Monthly,Card,No,7,4,2,2,0
C0162,44,Male,West,Basic,"""11.27""",21,7,52,Monthly,Cash,Yes,2,10,0,3,1
C0163,29,Female,South,Standard,46.14,2,3,45.5,Monthly,Bank Transfer,Yes,5,10,0,2,0
C0164,32,Male,North,Standard,33.44,2,0,62.9,Monthly,UPI,No,10,22,3,3,1
C0165,30,Female,South,Premium,"""68.03""",18,0,56.7,Yearly,Card,Yes,7,0,0,3,0
C0166,31,Female,Central,Basic,13.23,52,9,43.3,Yearly,Card,N/A,4,20,0,1,0
C0167,37,Male,Central,Basic,25.88,40,7,41,Monthly,Card,No,1,18,1,3,0
C0168,50,Male,South,Basic,22.71,2,5,28.1,Quarterly,Bank Transfer,Yes,4,10,0,2,0
C0169,32,,South,Standard,50.9,9,0,26.4,Quarterly,Card,No,6,0,1,2,0
C0170,22,Male,South,Basic,21.17,23,4,34.7,Yearly,Bank Transfer,0,5,2,3,4,0
C0171,51,Male,West,Basic,9,2,4,27,Monthly,Bank Transfer,Yes,2,14,0,2,1
C0172,21,Male,Central,Basic,12.26,36,5,41,Monthly,Cash,Yes,4,7,1,1,0
C0173,38,Female,East,Basic,23.97,2,3,50.6,Yearly,Card,No,10,3,3,3,0
C0174,NaN,Female,unknown,Basic,12.1,7,5,23.1,,Card,No,7,10,0,1,0
C0175,51,Male,Central,Basic,33.06,33,8,"""21.2""",1,Bank Transfer,No,2,11,0,2,1
C0176,70,Female,North,Basic,28.01,5,6,,Yearly,,No,3,11,0,1,0
C0177,51,Male,East,1,22.5,7,6,24.3,Quarterly,Card,Yes,4,17,1,1,1
C0178,43,Male,Central,Basic,25.7,27,2,45.2,Yearly,Card,No,5,17,0,1,0
C0179,47,Non-binary,West,Standard,52.12,21,1,75.3,Monthly,Card,Yes,6,0,0,2,0
C0180,57,Non-binary,South,1,,10,3,17.4,Monthly,Bank Transfer,No,10,18,2,3,0
C0181,54,Female,North,Basic,26.47,,6,53,Yearly,Card,Yes,"""""",9,1,3,0
C0182,39,Female,South,Standard,40.58,13,3,32.8,Monthly,Card,Yes,3,0,1,5,0
C0183,47,Female,West,Standard,42.96,12,4,34.2,1,Card,Yes,5,29,1,2,0
C0184,18,Non-binary,South,Basic,15.49,20,4,61.1,Yearly,Card,No,6,25,1,1,0
C0185,40,Female,East,Premium,70.89,1,0,28.6,Quarterly,Bank Transfer,Yes,10,unknown,1,3,0
C0186,43,Male,Central,Standard,"""45.13""",8,0,28.9,Monthly,Card,No,7,0,2,3,0
C0187,47,Male,North,Basic,24.28,52,4,44.1,Monthly,Card,Yes,7,0,3,2,0
C0188,53,Female,East,Basic,15.6,17,6,48.9,Quarterly,Card,No,8,3,0,4,0
C0189,51,Female,Central,Basic,20.2,16,6,38.2,Quarterly,Card,No,,29,3,3,0
C0190,46,Male,South,Standard,36.31,8,2,24.4,Monthly,Bank Transfer,Yes,6,"""""",2,2,0
C0191,46,,South,Basic,8.5,,6,32.9,Monthly,Cash,Yes,4,23,0,1,0
C0192,49,Female,West,Standard,47.93,11,0,29.6,Monthly,Card,Yes,8,0,0,1,0
C0193,32,Male,West,Standard,36.31,33,3,49.8,Monthly,Card,No,4,2,2,2,0
C0194,55,Male,West,Standard,49.59,41,1,57.4,Monthly,Card,Yes,6,1,0,2,0
C0195,31,Female,North,Basic,16.2,8,0,34.5,__value__,Bank Transfer,No,7,0,0,1,0
C0196,46,Male,North,Standard,35.84,42,3,25.5,Quarterly,Card,,7,24,4,2,0
C0197,unknown,Male,,Premium,86.05,6,6,39.5,Monthly,Card,Yes,3,22,0,3,1
C0198,27,Male,West,Basic,11.21,16,0,27.9,Monthly,Card,No,7,0,3,1,0
C0199,28,Female,South,Basic,9.39,3,2,30.8,Monthly,UPI,Yes,6,22,4,2,1
C0200,40,Male,West,Premium,68.8,21,3,51.9,Monthly,UPI,No,4,20,1,3,0
C0201,46,Female,Central,Premium,70.77,31,0,53.4,Monthly,Bank Transfer,Yes,9,0,4,4,0
C0202,41,Male,East,Standard,36.82,6,3,29.6,Quarterly,Card,Yes,3,20,2,4,0
C0203,33,Female,North,Basic,21.87,9,6,,Yearly,UPI,No,4,8,0,2,0
C0204,37,Female,South,Standard,40.94,1,2,61.4,Monthly,Cash,No,4,13,0,2,0
C0205,27,Male,North,__value__,8.5,72,9,35.4,Quarterly,Bank Transfer,Yes,1,"""""",0,2,0
C0206,34,Female,East,Basic,29.52,14,5,44.5,Yearly,UPI,Yes,4,16,2,2,0
C0207,46,,Central,Standard,37.5,16,3,57.7,Monthly,Bank Transfer,No,7,0,0,2,0
C0208,41,Male,South,Standard,38.46,24,0,33.2,3,UPI,No,8,5,3,2,0
C0209,26,Male,North,Standard,49.66,37,0,unknown,Monthly,UPI,Yes,8,0,1,2,0
C0210,41,Male,Central,Premium,79.06,72,4,"""70.2""",Monthly,Card,Yes,6,0,3,4,0
C0211,39,Male,North,Basic,8.5,11,3,"""46.2""",Monthly,Card,Yes,4,0,"""""",1,0
C0212,37,Female,South,2,42.08,8,3,49.1,Quarterly,Card,No,4,17,0,1,1
C0213,64,Male,West,Basic,8.5,4,9,31.9,Monthly,,No,4,31,unknown,2,1
C0214,35,Female,East,Standard,40.21,18,1,39.8,Monthly,UPI,Yes,7,9,1,2,0
C0215,41,Male,West,Standard,53.7,20,1,"""56.6""",Monthly,UPI,Yes,6,0,1,2,0
C0216,39,Female,South,Basic,23.94,10,6,52.2,Yearly,UPI,Yes,4,16,1,2,0
C0217,18,Female,North,Standard,42.72,2,2,"""49.5""",Yearly,Card,Yes,7,10,2,2,0
C0218,30,Male,North,Basic,30.1,3,4,33.2,Yearly,Cash,Yes,5,3,0,2,0
C0219,18,Female,West,Premium,79.1,19,2,48.3,Quarterly,Card,No,6,12,0,2,0
C0220,41,Male,North,Premium,82.1,39,1,30.8,Monthly,Bank Transfer,No,5,"""""",1,3,0
C0221,19,Female,South,Premium,72.95,20,0,65.4,Quarterly,Card,No,6,9,1,2,0
C0222,18,Male,South,Standard,33.49,12,0,42.2,Yearly,Card,1,7,12,0,2,0
C0223,47,Female,North,Premium,79.12,11,4,61.8,Quarterly,Card,Yes,4,11,3,4,0
C0224,32,Male,,Premium,__83.98__,9,3,55.9,Monthly,Bank Transfer,No,2,13,1,2,1
C0225,38,Female,East,Standard,49.2,9,5,55.3,Monthly,UPI,No,3,17,1,2,0
C0226,41,Male,East,Basic,32.58,10,8,30.7,Quarterly,UPI,Yes,1,1,2,3,0
C0227,61,Female,West,Premium,80.63,28,4,44,Monthly,UPI,Yes,3,0,NaN,4,0
C0228,23,Male,West,Premium,67.23,64,1,55.5,Monthly,UPI,No,5,9,3,2,0
C0229,32,Female,East,2,38.04,46,"""""",53.8,Yearly,Card,Yes,4,0,1,1,0
C0230,53,Female,Central,Basic,13.56,34,6,28,Monthly,Card,No,4,24,1,3,1
C0231,45,Male,Central,1,8.5,31,8,53.3,Quarterly,UPI,No,1,13,1,1,1
C0232,24,Male,East,Premium,59.3,1,2,46.1,Yearly,UPI,Yes,7,20,1,2,0
C0233,36,Female,South,Basic,12.72,4,4,34.5,Monthly,Bank Transfer,Yes,2,19,2,3,1
C0234,28,Male,South,Premium,86,17,2,38.3,Yearly,Card,No,6,4,1,2,0
C0235,18,Male,Central,Standard,40.19,2,2,49,Monthly,Card,Yes,5,0,4,3,0
C0236,53,Male,Central,Premium,75.66,6,6,58.2,Monthly,UPI,Yes,3,30,4,4,0
C0237,23,Female,East,Premium,74.14,4,0,51.7,Monthly,Cash,Yes,,3,0,1,0
C0238,32,Female,West,2,43.72,__51__,2,35.1,Monthly,Card,Yes,8,2,0,1,0
C0239,36,Female,West,Basic,NaN,9,5,41.6,Quarterly,Card,No,7,15,0,3,0
C0240,NaN,Male,West,Basic,8.5,32,6,"""41.7""",Monthly,UPI,No,4,4,0,1,0
C0241,58,Female,North,Standard,38.53,15,2,42.3,Quarterly,Bank Transfer,No,4,21,2,,0
C0242,28,Male,South,Standard,34.39,6,4,51.8,Quarterly,Card,No,7,9,0,2,0
C0243,36,Female,East,Basic,23.31,21,5,,Monthly,Card,Yes,3,23,0,1,0
C0244,46,Male,East,Basic,8.5,5,5,29,Yearly,Card,No,6,5,0,2,0
C0245,43,Female,South,Premium,,4,1,38.4,Quarterly,UPI,No,4,0,0,2,1
C0246,45,Female,Central,Standard,43.42,27,1,"""""",Yearly,UPI,Yes,5,5,0,unknown,0
C0247,48,Female,South,Standard,30.16,3,3,53.2,Quarterly,UPI,Yes,4,0,3,"""""",0
C0248,36,Female,Central,Premium,80.82,9,0,56.3,__value__,Cash,Yes,6,0,3,2,0
C0249,30,Female,East,Standard,40.64,42,3,45.2,Yearly,Card,1,7,0,1,1,0
C0250,45,Male,Central,Standard,36.18,5,2,51.1,Quarterly,Card,Yes,6,0,0,2,0
C0251,48,Male,N/A,Basic,"""30.85""",17,6,50.4,Yearly,Card,Yes,6,6,0,3,0
C0252,49,Female,North,Basic,9.08,17,2,NaN,Monthly,Card,Yes,3,0,0,1,0
C0253,27,Female,North,,8.5,9,6,45.2,Yearly,Bank Transfer,Yes,5,17,0,2,1
C0254,39,Male,West,Standard,32.75,42,2,41.4,Yearly,UPI,Yes,3,12,0,1,0
C0255,18,Male,Central,Basic,19.53,3,3,42.4,Yearly,Card,No,5,13,0,1,0
C0256,37,Female,East,Standard,42.65,3,0,48.5,Monthly,Bank Transfer,Yes,2,0,0,2,0
C0257,30,Female,West,Basic,16.22,7,3,55.5,Quarterly,UPI,No,5,0,0,1,0
C0258,unknown,Female,North,Basic,22.25,61,6,40.7,Monthly,Cash,Yes,5,7,1,2,0
C0259,52,Female,Central,Basic,16.92,27,6,"""""",Monthly,UPI,No,2,12,1,1,0
C0260,24,Male,North,Premium,67.07,2,1,64.7,Quarterly,Card,Yes,9,5,4,3,0
C0261,23,Male,East,Basic,14.16,60,3,44.4,Monthly,Card,Yes,3,0,0,2,0
C0262,36,Female,East,Standard,51.93,61,0,34.7,Yearly,Cash,Yes,5,0,1,2,0
C0263,18,Female,South,Premium,55.89,10,0,64.9,Quarterly,Card,Yes,4,13,0,4,0
C0264,33,Female,__value__,Premium,80.17,21,4,46.1,Monthly,UPI,No,5,14,2,4,1
C0265,56,Female,West,Standard,53.18,27,1,40.9,Monthly,Bank Transfer,Yes,10,0,3,2,0
C0266,44,Male,Central,Basic,14.73,14,0,54.1,Monthly,Card,No,7,0,2,3,0
C0267,53,Male,North,Basic,18.63,"""""",5,54.6,Monthly,Bank Transfer,No,2,21,1,3,1
C0268,42,Male,South,Premium,69.86,21,3,37.1,Yearly,Bank Transfer,No,7,20,1,2,1
C0269,,Female,Central,Standard,44.04,7,0,42.7,Yearly,Card,Yes,8,7,1,4,0
C0270,36,Male,Central,Premium,68.8,6,3,53.9,Yearly,Cash,Yes,4,4,3,5,0
C0271,31,Female,North,Basic,9.81,7,4,36.5,Monthly,UPI,Yes,3,4,1,2,1
C0272,38,Male,East,Standard,48.92,10,4,__28.6__,Yearly,UPI,Yes,4,13,1,2,0
C0273,36,Female,South,Basic,31.2,2,9,48.6,1,Card,Yes,2,18,0,2,1
C0274,44,Male,East,Standard,37.46,3,0,40.9,Monthly,Card,No,8,0,4,1,0
C0275,54,Female,Central,Standard,56.62,18,0,,Monthly,Bank Transfer,Yes,5,11,1,1,0
C0276,36,Male,South,Basic,24.79,12,9,41,Yearly,Bank Transfer,Yes,2,23,1,2,1
C0277,25,Male,South,2,"""""",19,2,34.7,Monthly,Bank Transfer,Yes,6,0,0,1,0
C0278,28,Male,North,Basic,16.74,7,3,29.7,,Bank Transfer,Yes,unknown,9,0,2,1
C0279,34,Female,South,Basic,30.59,1,5,52,Yearly,Bank Transfer,Yes,5,11,3,3,0
C0280,35,Female,South,Basic,25.94,34,6,"""21.7""",Monthly,UPI,N/A,4,0,0,2,0
C0281,38,Non-binary,West,Basic,8.5,59,6,38,Quarterly,UPI,Yes,5,12,0,3,0
C0282,22,Male,West,,8.5,,5,"""46.2""",Yearly,Card,1,5,3,0,1,0
C0283,39,Female,North,Basic,,19,4,22.4,__value__,Card,No,5,0,1,1,0
C0284,33,Male,North,2,35.01,11,1,58.1,Monthly,Card,Yes,6,0,2,1,0
C0285,42,Male,East,Standard,43.95,11,2,28.6,Quarterly,UPI,No,4,17,0,2,0
C0286,40,Female,Central,Basic,13.29,6,3,46.5,Monthly,__value__,Yes,6,6,,2,0
C0287,52,unknown,West,2,44.28,22,2,,Quarterly,Card,No,6,14,1,2,0
C0288,50,Female,West,3,78.81,29,4,58.5,Monthly,UPI,No,6,9,1,3,1
C0289,__31__,Female,Central,Standard,45.46,4,2,30.1,Monthly,Bank Transfer,Yes,3,13,1,2,1
C0290,28,Male,Central,Standard,46.21,8,0,73.1,Monthly,Card,No,4,11,0,1,1
C0291,39,Male,West,Standard,23.83,10,1,10.7,Quarterly,Bank Transfer,No,5,13,1,4,1
C0292,44,Male,Central,Standard,__30.99__,16,1,39.6,Monthly,Card,Yes,7,__0__,0,3,0
C0293,30,Male,East,Premium,72.64,4,3,NaN,Quarterly,UPI,No,4,24,1,3,1
C0294,38,Female,West,Premium,67.67,3,2,35.4,Yearly,Cash,0,6,5,0,3,0
C0295,29,Male,West,Premium,85.96,26,1,51.6,1,UPI,Yes,5,11,1,2,0
C0296,27,Female,South,Standard,47.08,4,0,,Quarterly,unknown,Yes,6,11,0,2,0
C0297,45,Male,South,Basic,23.37,17,6,41.9,Yearly,Bank Transfer,No,3,15,4,3,0
C0298,23,Female,North,Standard,51.6,6,1,37.5,Yearly,Card,Yes,7,0,0,2,0
C0299,40,Female,Central,Standard,51.77,24,4,54.2,Monthly,Bank Transfer,No,5,9,0,3,0
C0300,52,Male,West,2,45.82,20,3,35.8,Monthly,Card,No,1,26,0,2,0
C0301,22,Male,South,Standard,43.04,12,unknown,40.5,Monthly,Bank Transfer,Yes,5,10,0,2,0
C0302,"""""",Female,North,2,64.05,38,5,27.9,Monthly,Bank Transfer,Yes,6,22,0,1,0
C0303,51,Female,South,Standard,39.3,16,unknown,46.2,Quarterly,Bank Transfer,Yes,5,0,0,1,0
C0304,28,Female,West,Premium,59.14,67,5,73,Yearly,Card,Yes,6,0,0,4,0
C0305,39,Male,West,Basic,__8.5__,25,6,26.4,Quarterly,Card,Yes,4,13,3,2,0
C0306,25,Male,North,Basic,11.01,21,2,43.4,Quarterly,UPI,Yes,7,0,1,2,0
C0307,37,Male,West,Basic,16.61,21,5,47.9,Monthly,Cash,Yes,2,3,3,1,0
C0308,39,Female,East,Basic,8.5,51,2,35.5,Quarterly,UPI,Yes,7,4,3,1,0
C0309,18,Male,West,Standard,36.58,18,3,44,Monthly,Card,No,3,11,0,2,0
C0310,49,Male,Central,Basic,29.74,28,8,33.5,Monthly,Card,Yes,3,26,0,1,1
C0311,36,Female,South,Standard,54.27,3,3,49.1,Monthly,Bank Transfer,Yes,5,0,2,2,0
C0312,39,Female,South,1,8.5,3,5,37.2,Monthly,UPI,No,unknown,19,4,1,1
C0313,37,Female,West,Standard,40.75,1,3,35.8,Quarterly,Bank Transfer,Yes,7,14,1,3,0
C0314,18,Male,South,Basic,12.71,8,5,43,Quarterly,Bank Transfer,Yes,5,14,2,2,0
C0315,27,Female,Central,Basic,8.5,11,0,29.9,Monthly,Card,Yes,6,5,0,2,0
C0316,48,Male,Central,Standard,51.22,5,2,45.2,Quarterly,Cash,Yes,8,13,0,1,0
C0317,18,Male,Central,Premium,81.87,8,4,63.3,Monthly,Bank Transfer,Yes,5,22,0,1,1
C0318,52,Male,South,Premium,76.68,72,0,59.1,Quarterly,Bank Transfer,Yes,7,0,2,2,0
C0319,36,Female,East,Basic,18.79,16,9,34.6,Monthly,UPI,No,1,22,1,2,1
C0320,,Female,West,3,78.92,10,__2__,32.6,Monthly,UPI,1,4,6,0,1,0
C0321,19,Male,North,Basic,34.82,9,3,39.8,Quarterly,Card,Yes,,1,2,unknown,0
C0322,56,Male,East,Basic,26.5,7,8,52.5,Yearly,UPI,Yes,5,19,0,2,0
C0323,35,Female,South,Standard,32.32,2,4,39.5,Yearly,Card,Yes,3,25,2,3,1
C0324,49,Male,North,Basic,8.5,27,5,38.4,Yearly,Bank Transfer,Yes,5,16,0,1,0
C0325,36,Male,Central,Standard,46.64,2,,38.3,Monthly,Cash,No,5,3,0,4,0
C0326,39,Female,North,1,18.61,1,4,44.1,Quarterly,Bank Transfer,No,4,1,0,3,0
C0327,30,Non-binary,West,Standard,33.32,2,3,25.1,Monthly,Card,No,5,0,1,2,0
C0328,36,Male,East,Premium,82.59,39,1,54.5,Monthly,Card,Yes,7,12,1,3,0
C0329,45,Male,North,Premium,61.99,14,0,60.6,Quarterly,Bank Transfer,No,5,8,2,2,0
C0330,NaN,Female,South,1,23.56,20,4,23.7,Yearly,Card,No,5,12,0,2,0
C0331,23,Female,West,Basic,10.96,19,6,43.4,unknown,Bank Transfer,No,5,0,0,1,0
C0332,28,Male,East,Basic,"""12.22""",29,3,19,Yearly,UPI,No,8,2,0,1,0
C0333,39,Female,North,Basic,15.7,15,6,39.8,Monthly,Card,Yes,1,9,0,1,1
C0334,38,Male,Central,Basic,22.79,47,5,35.4,Yearly,UPI,Yes,5,6,0,1,0
C0335,41,,West,Premium,74.79,41,0,30.1,Quarterly,Bank Transfer,Yes,7,0,2,NaN,0
C0336,19,Female,East,Standard,42.15,15,0,64.6,Quarterly,UPI,Yes,4,5,2,3,0
C0337,56,Male,North,Standard,,17,2,57,Quarterly,Bank Transfer,0,3,4,0,1,0
C0338,,Female,Central,Standard,42.6,10,5,35.9,Monthly,Card,0,4,0,0,2,0
C0339,38,Non-binary,Central,Basic,20.28,12,5,43.9,3,Card,No,5,18,0,1,0
C0340,35,Male,South,Basic,8.5,22,1,43.6,Yearly,Card,Yes,9,17,3,3,0
C0341,38,Male,South,Basic,12.15,24,3,54.3,Yearly,Card,Yes,5,11,0,1,0
C0342,24,Female,South,Standard,50.58,11,1,60.8,Monthly,Card,Yes,7,__2__,0,2,0
C0343,24,unknown,East,Basic,10.56,NaN,4,32,Yearly,UPI,No,4,9,0,3,0
C0344,21,,North,Standard,38.48,14,1,NaN,Quarterly,Card,N/A,5,2,0,1,0
C0345,32,Female,North,Premium,72.62,3,0,34.4,Quarterly,Cash,No,6,0,0,3,0
C0346,44,Male,East,Basic,15,28,5,44.6,Monthly,Cash,Yes,4,4,5,4,0
C0347,24,Male,Central,Standard,49.2,5,0,23,Quarterly,Card,Yes,5,2,0,2,0
C0348,20,Female,East,Basic,8.5,8,5,41.3,Quarterly,UPI,Yes,2,23,1,2,1
C0349,24,Female,North,Standard,50.12,50,0,54.9,Monthly,Bank Transfer,,,0,2,2,0
C0350,38,Male,North,Premium,63.5,20,1,64.2,Monthly,UPI,Yes,7,0,2,3,0
C0351,45,Male,Central,Standard,41.87,13,5,36.4,3,Card,Yes,3,25,0,2,0
C0352,18,Female,Central,Basic,15.25,16,5,39.4,Monthly,Bank Transfer,Yes,4,10,0,1,1
C0353,45,Female,West,2,44.12,33,5,unknown,,N/A,No,5,10,0,3,0
C0354,32,Female,Central,Basic,20.34,33,6,22.5,Quarterly,Card,Yes,5,16,0,1,0
C0355,39,Male,Central,unknown,16.96,4,5,37.7,Monthly,Cash,No,3,10,0,1,1
C0356,41,Male,West,Standard,45.18,51,1,39.8,Monthly,Bank Transfer,No,4,0,0,2,0
C0357,47,Male,East,Premium,81.62,72,0,53.4,Quarterly,Card,Yes,7,0,4,2,0
C0358,50,Male,East,1,33.27,11,3,58.4,Yearly,Card,No,7,4,1,1,0
C0359,50,Female,East,Standard,34.17,25,3,36.5,Monthly,unknown,Yes,4,10,1,2,0
C0360,48,Male,Central,Standard,44.87,9,4,54.3,Quarterly,Cash,Yes,6,19,1,2,0
C0361,30,,East,2,43.26,29,0,30.5,Monthly,Cash,No,9,6,0,2,0
C0362,41,Female,South,Basic,12.47,11,6,65.3,Yearly,UPI,No,4,15,3,2,0
C0363,27,Female,North,Standard,45.61,5,1,41.1,Quarterly,Cash,Yes,5,19,2,3,0
C0364,30,Female,N/A,Premium,59.87,12,4,66.1,Monthly,UPI,No,4,10,0,2,0
C0365,__27__,Female,Central,Standard,40.7,29,2,"""37.1""",Yearly,UPI,Yes,9,0,2,2,0
C0366,29,Male,Central,Standard,36.81,15,2,35.6,Monthly,Bank Transfer,No,5,0,2,1,0
C0367,37,Female,Central,Standard,34.98,6,3,45.2,Monthly,Bank Transfer,Yes,4,0,0,2,0
C0368,45,Female,North,Basic,8.5,39,6,46.2,Monthly,Cash,,4,13,1,2,0
C0369,39,Male,Central,Premium,74.49,12,0,62.7,Monthly,Card,Yes,7,0,0,3,0
C0370,26,Female,Central,Premium,63.33,11,1,59.3,Yearly,Card,1,NaN,10,2,3,0
C0371,30,Female,Central,Basic,19.32,66,6,26.2,Quarterly,Card,Yes,5,5,1,2,0
C0372,34,Male,East,Basic,17.19,11,7,38.2,Monthly,Card,No,3,0,1,2,0
C0373,24,Female,East,Standard,39.28,7,7,29.6,2,Card,Yes,5,10,0,1,0
C0374,45,Male,West,Standard,49.78,5,1,49.4,Quarterly,Card,Yes,7,0,1,2,0
C0375,24,Non-binary,West,1,8.5,7,,"""25.6""",Yearly,Card,Yes,8,0,1,3,0
C0376,59,Male,West,Standard,39.71,10,1,44.1,Quarterly,UPI,No,3,16,0,2,0
C0377,50,Male,Central,Standard,41.29,2,0,55.1,Monthly,Bank Transfer,No,6,0,1,3,0
C0378,56,Female,East,Standard,45.93,25,2,60.7,Monthly,Card,No,5,1,0,1,0
C0379,50,Male,East,Standard,35.64,64,0,35.9,Monthly,Bank Transfer,Yes,unknown,0,1,1,0
C0380,45,Female,South,Basic,18.68,38,6,45.4,Monthly,Card,No,2,17,0,1,1
C0381,37,Male,South,Standard,36.94,38,3,,Monthly,UPI,No,7,9,1,2,0
C0382,28,Male,South,Basic,24.6,4,5,47.7,Yearly,Bank Transfer,No,3,13,0,1,1
C0383,32,Female,North,Standard,42.78,7,0,57.4,Yearly,Bank Transfer,No,6,15,4,3,0
C0384,40,Male,South,Basic,14.53,72,2,50,1,Card,Yes,4,0,3,3,0
C0385,18,Male,East,Standard,45.38,26,3,,Monthly,UPI,Yes,4,10,3,1,0
C0386,33,Female,Central,Basic,21.87,16,7,48.7,Monthly,Card,Yes,2,35,__0__,1,1
C0387,39,Female,East,Standard,51.24,4,1,37.1,Yearly,,Yes,5,6,1,1,0
C0388,24,Male,East,Standard,40.84,1,1,46.6,1,Bank Transfer,Yes,8,3,0,2,0
C0389,38,Female,West,Premium,77.82,9,5,54.1,Quarterly,Card,Yes,3,9,0,4,0
C0390,35,Male,East,Premium,58.13,8,0,35.1,Monthly,UPI,No,6,17,0,2,0
C0391,30,Female,Central,Premium,68.64,72,1,53.3,Monthly,Card,Yes,6,15,4,4,0
C0392,34,Male,Central,2,42.02,3,1,38.3,1,UPI,No,6,0,0,1,0
C0393,24,Female,North,Premium,88.19,39,3,61.4,Yearly,Bank Transfer,Yes,7,14,2,1,0
C0394,28,Male,North,Standard,44.92,13,0,37.5,Monthly,Bank Transfer,Yes,8,3,0,1,0
C0395,37,Male,Central,Basic,11.49,33,3,"""56.0""",Monthly,UPI,Yes,6,8,0,2,0
C0396,37,Female,North,,"""86.56""",3,3,65.2,Monthly,Bank Transfer,Yes,3,10,3,3,1
C0397,31,Male,North,Premium,84.5,2,1,44.9,Monthly,UPI,Yes,5,1,0,3,0
C0398,41,unknown,East,Basic,8.5,7,1,32.9,2,Cash,No,4,__1__,0,3,0
C0399,27,Male,East,Standard,45.27,NaN,1,33.6,Monthly,Card,Yes,5,0,2,1,0
C0400,42,Female,West,Basic,26.67,19,6,20.4,Yearly,Cash,No,6,13,0,2,0
C0401,39,Male,North,Standard,26.65,34,2,50.5,Monthly,UPI,Yes,5,8,3,3,0
C0402,18,Male,North,Basic,20.26,6,8,43.5,Monthly,Bank Transfer,No,5,21,1,2,0
C0403,33,Male,West,Premium,81.19,21,3,46,Yearly,UPI,Yes,4,3,3,4,0
C0404,39,Female,North,Basic,8.5,3,5,31.5,Quarterly,Card,No,4,23,1,2,0
C0405,,Female,West,Standard,44.27,22,4,50,Monthly,Card,Yes,5,3,0,2,0
C0406,22,Male,North,2,28.25,28,2,55.4,Monthly,Cash,Yes,6,0,3,1,0
C0407,__46__,Non-binary,East,Basic,13.71,50,5,31.5,Yearly,Card,Yes,4,20,0,1,0
C0408,__53__,Female,West,Premium,81.71,8,0,65.5,1,Card,Yes,8,5,2,2,0
C0409,30,Female,South,Standard,29.24,29,3,49.6,Quarterly,Card,Yes,6,13,4,2,0
C0410,46,Female,East,2,32.02,38,3,46.3,Quarterly,Card,Yes,,7,0,2,0
C0411,34,Male,Central,Standard,41.3,18,6,24.1,Monthly,UPI,Yes,2,20,0,2,1
C0412,NaN,Female,West,Standard,40.7,48,3,29.9,Monthly,Card,No,5,0,0,1,0
C0413,39,Female,South,Standard,47.37,10,3,48.5,1,Bank Transfer,No,3,"""""",0,2,1
C0414,29,Female,West,Standard,53.02,24,2,46.4,Monthly,Card,Yes,10,0,6,2,0
C0415,36,Male,Central,Basic,15.56,69,4,35.8,3,Card,Yes,6,8,0,3,0
C0416,34,Male,East,Basic,9.74,3,7,25.2,Quarterly,Cash,Yes,5,7,1,1,0
C0417,44,Non-binary,South,Standard,37.65,47,0,33,Monthly,Card,Yes,5,NaN,0,2,0
C0418,25,Non-binary,Central,2,42.28,13,4,22.8,Monthly,Card,No,5,15,0,2,0
C0419,24,Non-binary,Central,Standard,36.57,__4__,3,37.3,Monthly,Card,Yes,4,35,2,3,0
C0420,44,Male,West,Premium,79.37,20,0,,Quarterly,Card,No,4,0,0,4,0
C0421,50,Male,North,Premium,72.25,6,3,35.9,Monthly,Bank Transfer,Yes,5,16,2,2,1
C0422,39,Male,South,Basic,25.66,13,1,50,Monthly,UPI,Yes,4,0,0,2,0
C0423,22,Male,West,Premium,76.52,18,0,58.7,Monthly,Card,Yes,7,__14__,3,4,0
C0424,27,Male,West,Basic,16.98,72,4,32.5,Monthly,Bank Transfer,Yes,1,0,0,2,0
C0425,19,Female,East,Basic,20.81,2,4,"""""",Quarterly,Card,Yes,4,15,2,2,0
C0426,21,Female,East,Basic,21.32,46,5,33.7,Monthly,Cash,Yes,3,0,2,2,1
C0427,30,Male,Central,Standard,34.63,7,3,27.2,Quarterly,Cash,No,5,5,1,2,0
C0428,34,Male,West,Standard,37.13,19,0,48.1,Yearly,Card,Yes,5,4,2,2,0
C0429,28,Female,West,Standard,22.29,5,0,33.2,Monthly,Card,No,5,0,2,1,0
C0430,NaN,Female,West,Standard,39.78,24,6,31.1,Yearly,Card,Yes,7,11,0,2,0
C0431,41,Female,East,2,39.44,11,3,56.3,Monthly,Bank Transfer,Yes,3,3,3,2,0
C0432,18,Female,West,Premium,78.26,33,0,38.1,Yearly,UPI,No,6,0,1,2,0
C0433,__41__,Male,West,Premium,unknown,13,2,67.5,Yearly,Card,Yes,6,1,3,2,0
C0434,34,Male,Central,Basic,21.35,NaN,4,49.7,Monthly,UPI,Yes,6,21,0,2,0
C0435,47,Male,North,Premium,71.18,28,0,40.2,Monthly,Bank Transfer,Yes,7,3,2,4,0
C0436,32,Female,North,Basic,8.5,9,5,35.6,Monthly,Cash,No,7,11,0,2,1
C0437,35,Male,South,Basic,30.62,26,3,45,Yearly,Card,Yes,2,13,1,1,1
C0438,,Female,North,Basic,18.9,7,6,39.8,Monthly,UPI,No,1,2,3,3,0
C0439,29,Male,West,Premium,66.81,22,4,40.4,Monthly,Card,No,6,0,3,4,0
C0440,48,Female,West,Standard,34.73,40,2,30.5,Monthly,Card,Yes,4,15,0,1,0
C0441,35,Female,Central,Basic,21.45,19,9,43.1,Monthly,Card,No,1,29,0,2,1
C0442,36,Male,North,Standard,51.5,16,4,41.3,Monthly,UPI,No,3,0,0,1,1
C0443,32,Female,Central,Standard,53.3,23,0,41,Monthly,Bank Transfer,No,6,4,0,1,1
C0444,58,Female,unknown,Basic,24.38,21,2,49.6,Yearly,UPI,No,2,0,0,1,0
C0445,"""""",Female,West,Standard,unknown,3,1,20.7,Monthly,Card,Yes,6,0,0,3,0
C0446,32,Female,North,Standard,44.21,3,1,"""51.8""",Monthly,Card,,6,NaN,2,2,0
C0447,44,Male,Central,Basic,29.98,37,2,48.6,Quarterly,UPI,No,3,6,0,1,0
C0448,25,Male,East,Basic,20.13,18,3,33.6,3,Card,Yes,5,0,0,2,0
C0449,__52__,Female,__value__,Standard,43.75,3,0,39.4,Quarterly,Bank Transfer,Yes,5,2,0,2,0
C0450,43,Male,South,Basic,,23,6,32.8,Yearly,Bank Transfer,Yes,8,14,3,3,0
C0451,43,Male,North,Premium,69.6,15,1,60.6,Yearly,Card,0,7,0,3,3,0
C0452,35,Male,East,Basic,21.48,,5,38.6,Monthly,Bank Transfer,Yes,2,6,2,2,0
C0453,33,Male,South,Premium,74.04,1,0,49.1,Monthly,UPI,No,8,11,0,3,0
C0454,38,Female,South,Premium,70.66,14,0,65.2,Monthly,Card,Yes,7,0,2,3,0
C0455,22,Female,West,Premium,76.21,34,3,73.8,Monthly,Card,Yes,6,5,0,1,0
C0456,59,Male,Central,Premium,74.88,7,1,44.6,Monthly,UPI,Yes,6,31,0,4,0
C0457,53,Female,North,Standard,43.22,1,3,41.7,Quarterly,UPI,Yes,4,13,2,1,0
C0458,52,Male,North,Basic,8.8,31,6,31.3,Monthly,UPI,No,5,10,2,2,0
C0459,45,Female,East,Basic,18.81,31,2,27.3,Monthly,Cash,No,7,4,0,1,1
C0460,52,Male,East,Standard,40.87,13,0,unknown,Quarterly,UPI,Yes,7,3,2,2,0
C0461,38,Female,South,__value__,84.64,1,5,49.6,Quarterly,UPI,No,6,13,0,2,0
C0462,27,Male,North,Standard,55.84,12,0,56.2,Yearly,Card,Yes,6,7,2,2,0
C0463,34,Female,__value__,Premium,74.21,45,2,62.8,Monthly,Bank Transfer,Yes,5,1,3,1,0
C0464,37,Female,North,Premium,84.06,14,2,57.8,Quarterly,Bank Transfer,Yes,5,8,5,3,0
C0465,50,Female,North,3,67.16,11,1,68.4,Monthly,UPI,Yes,5,14,4,4,0
C0466,23,Male,West,Standard,35.12,11,1,38.3,Quarterly,UPI,Yes,4,5,1,2,0
C0467,19,Female,South,Standard,33.55,6,0,50.4,Monthly,Card,No,8,5,0,3,0
C0468,28,Female,South,Standard,57.43,17,0,70.2,1,Bank Transfer,Yes,7,17,0,2,0
C0469,52,Male,North,Basic,16.32,20,3,NaN,Quarterly,Card,Yes,7,2,0,2,0
C0470,37,Male,North,Standard,39.72,22,0,43.6,unknown,UPI,No,7,0,0,3,1
C0471,47,,South,Basic,18.47,4,2,31.9,Monthly,Card,Yes,7,23,0,1,0
C0472,37,Female,North,Basic,19.5,21,2,54.8,Monthly,Cash,Yes,6,20,0,1,0
C0473,"""""",Female,North,Basic,17.76,39,6,45.7,Monthly,UPI,Yes,NaN,17,3,2,0
C0474,42,Male,South,Basic,12.71,29,8,24.6,Yearly,UPI,1,5,18,0,2,0
C0475,37,Female,West,2,30.49,4,1,28.7,Monthly,Cash,Yes,4,1,1,1,0
C0476,46,Male,South,Basic,12.62,NaN,0,NaN,Monthly,Bank Transfer,Yes,8,1,0,3,0
C0477,28,Male,West,Basic,12.19,13,5,43.2,Monthly,Card,Yes,5,7,0,2,1
C0478,35,,East,Basic,23.67,5,5,unknown,Monthly,,No,3,28,7,3,0
C0479,35,Male,East,Basic,8.5,8,NaN,39,Yearly,UPI,Yes,__1__,1,4,2,1
C0480,35,Male,Central,Premium,69.59,26,1,41.7,Yearly,Card,Yes,7,0,2,4,0
C0481,26,Male,North,Standard,49.44,20,1,48,Monthly,UPI,No,5,0,unknown,1,1
C0482,56,N/A,Central,Standard,58.88,17,0,28.1,Yearly,Card,Yes,"""""",0,2,3,0
C0483,40,Male,Central,__value__,15.83,32,4,39.4,Monthly,UPI,Yes,5,,0,2,0
C0484,46,Female,West,Basic,18.49,3,2,38.7,Monthly,Cash,No,6,12,0,2,0
C0485,18,Female,Central,Standard,30.52,12,4,73.3,Monthly,UPI,No,4,19,0,1,1
C0486,41,Female,West,Basic,18.85,34,5,30.2,Yearly,UPI,Yes,6,"""""",0,2,0
C0487,35,Female,North,Basic,14.6,37,4,56.3,,UPI,No,4,0,0,2,0
C0488,41,Male,East,Standard,41.91,4,2,44.7,Monthly,Bank Transfer,No,4,11,0,2,1
C0489,36,Male,West,Standard,54.57,2,0,39.5,Yearly,Card,No,8,0,2,2,0
C0490,26,Male,North,Standard,40.28,3,1,47.7,Monthly,UPI,1,5,0,1,1,0
C0491,45,Male,North,Standard,37.2,1,1,46.9,Monthly,UPI,Yes,6,6,4,3,0
C0492,62,Male,South,Standard,49.81,1,0,40.4,Monthly,Bank Transfer,No,8,0,0,2,0
C0493,36,Female,North,Basic,19.25,NaN,8,48.1,Quarterly,Card,Yes,3,25,0,1,1
C0494,18,Female,South,1,12.5,2,3,55.1,Monthly,Cash,No,6,13,1,1,0
C0495,34,Male,Central,Standard,39.41,13,2,28.5,Quarterly,Card,Yes,5,2,,unknown,0
C0496,42,Female,South,,20.08,5,9,45.6,Quarterly,Cash,No,1,29,0,1,1
C0497,52,Male,North,Basic,16.38,24,4,47.2,Monthly,UPI,No,5,0,1,4,0
C0498,43,Male,,Basic,28.31,4,4,36.5,Monthly,Card,No,6,0,1,2,0
C0499,30,Male,South,Standard,,7,0,28.7,Monthly,UPI,Yes,8,0,0,3,0
C0500,27,Male,West,Basic,12.59,9,7,25.5,Yearly,Bank Transfer,Yes,4,9,0,2,0
C0501,33,Male,West,Basic,16.09,45,9,40.3,N/A,Card,Yes,1,20,0,1,1
C0502,41,Female,North,1,17.76,16,5,51.8,Monthly,UPI,No,2,12,0,1,0
C0503,53,Male,North,Premium,"""""",9,2,51,Quarterly,Card,No,6,5,2,4,0
C0504,NaN,Male,West,Basic,unknown,16,7,32.5,Monthly,Bank Transfer,unknown,3,23,3,2,1
C0505,32,Female,North,unknown,"""25.7""",16,6,21.2,Monthly,Card,No,3,13,1,3,1
C0506,NaN,Male,East,Standard,33.77,4,0,54.2,1,Card,No,3,11,1,2,1
C0507,37,Female,West,Standard,35.81,44,4,50.9,Monthly,Card,Yes,5,5,1,3,0
C0508,45,Female,Central,Premium,75.38,1,3,72.2,Monthly,Bank Transfer,No,5,20,2,2,1
C0509,32,Male,South,Premium,68.33,20,1,56.4,Monthly,Card,Yes,3,9,1,1,1
C0510,19,Male,South,Basic,8.5,18,3,30.8,Monthly,Card,No,8,0,3,2,0
C0511,40,Male,Central,Standard,35.36,25,2,31.7,Yearly,Cash,Yes,,0,2,3,0
C0512,31,Female,Central,Basic,8.5,13,8,50.8,Yearly,Cash,Yes,__7__,1,__0__,2,0
C0513,49,Female,North,Standard,58.87,23,4,62.4,Yearly,UPI,Yes,5,18,1,2,0
C0514,,Male,East,Premium,72.23,49,2,38.7,Quarterly,Card,No,5,0,0,2,0
C0515,39,Male,North,1,12.69,8,4,37.1,Yearly,Bank Transfer,Yes,5,19,0,1,0
C0516,41,Male,East,Premium,82.37,49,,64.6,Quarterly,Card,Yes,5,0,2,2,0
C0517,34,Male,North,Standard,37.91,7,3,40.9,Yearly,UPI,Yes,7,0,0,1,0
C0518,26,Male,South,Standard,55.01,1,3,,,Card,No,3,0,3,2,1
C0519,22,Female,West,Basic,8.5,24,4,65.4,Quarterly,Bank Transfer,Yes,3,23,1,2,0
C0520,31,Female,West,2,53,7,3,47.3,Quarterly,UPI,1,5,0,0,1,0
C0521,48,Female,North,Basic,15.41,66,5,44,Yearly,Bank Transfer,No,7,0,0,2,0
C0522,20,Female,West,Standard,42.87,72,1,37.6,Monthly,UPI,Yes,5,0,1,2,0
C0523,21,Male,Central,Standard,28.42,16,1,59.7,Yearly,Card,Yes,6,0,0,2,0
C0524,53,Male,North,Basic,NaN,31,5,27.5,,UPI,Yes,NaN,0,1,1,0
C0525,53,Female,North,Standard,52.7,30,2,45.5,Monthly,Card,Yes,6,1,3,__2__,0
C0526,25,Female,North,Basic,15.69,1,9,31.8,Monthly,Bank Transfer,Yes,1,23,5,1,1
C0527,20,Female,North,Basic,17.19,4,3,61,Yearly,Bank Transfer,Yes,5,13,0,2,0
C0528,19,Male,,Premium,86.7,21,3,51,Monthly,Bank Transfer,Yes,3,0,1,2,0
C0529,30,Female,East,Premium,74.66,11,5,55.2,Monthly,Card,Yes,3,12,0,2,1
C0530,33,Male,North,Basic,33.95,70,6,67.2,Yearly,Card,Yes,6,0,1,2,0
C0531,28,Male,North,Premium,72.15,4,4,49.4,Monthly,UPI,No,2,11,3,2,1
C0532,50,Male,South,Basic,18.57,16,4,65.5,Quarterly,Card,No,4,1,0,2,0
C0533,28,Female,Central,Premium,76.29,39,2,44.9,Yearly,Cash,Yes,6,4,4,4,0
C0534,38,Female,Central,Premium,77.37,30,7,54,Quarterly,Cash,Yes,1,15,1,2,1
C0535,44,Female,North,Standard,42.45,22,2,33.3,Quarterly,Cash,No,7,0,0,1,0
C0536,26,Female,South,Basic,8.5,9,6,48.1,Monthly,Bank Transfer,Yes,5,12,0,1,0
C0537,42,,East,Basic,12.84,25,3,38,Monthly,Cash,No,5,4,0,2,0
C0538,27,Male,East,Basic,26.71,8,4,30,Monthly,Bank Transfer,Yes,1,10,0,3,1
C0539,38,Female,East,Basic,11.98,11,6,58.8,Monthly,Bank Transfer,No,4,21,0,2,0
C0540,39,Male,West,Standard,46.92,8,5,44,Yearly,Cash,No,,18,0,2,1
C0541,37,Male,West,Basic,8.5,57,5,35.2,Monthly,Card,No,7,7,0,2,1
C0542,28,Male,West,unknown,18.81,3,3,40.7,3,UPI,No,6,26,1,,0
C0543,33,Male,Central,Standard,32.99,3,3,48.9,1,Card,Yes,6,10,2,2,0
C0544,27,Male,West,Standard,20.69,13,1,34.4,Monthly,Card,Yes,5,9,1,NaN,0
C0545,36,Female,Central,1,12.48,4,7,36.9,Monthly,Card,Yes,1,13,0,3,1
C0546,39,Male,East,Basic,8.5,9,6,36.7,Quarterly,Card,No,6,6,1,3,0
C0547,49,Male,West,Premium,79.56,5,2,50.3,Monthly,Bank Transfer,Yes,8,0,6,3,0
C0548,20,Female,North,Standard,46.04,14,5,35,Monthly,Card,No,3,34,5,4,1
C0549,42,Female,Central,Premium,66.41,4,2,42.7,3,Card,Yes,7,11,2,4,0
C0550,40,Female,Central,Basic,9.47,35,4,49.3,Monthly,Card,Yes,,19,2,2,0
C0551,"""""",Non-binary,South,Standard,40.14,1,0,54.3,Monthly,Card,No,4,2,0,2,0
C0552,55,Female,South,__value__,"""47.18""",6,2,43.5,Quarterly,UPI,No,3,2,0,1,1
C0553,26,Male,West,Basic,10.24,6,1,31.9,Yearly,Card,Yes,7,0,1,2,0
C0554,45,Male,West,Premium,89.62,4,1,63,Yearly,UPI,No,7,9,NaN,3,0
C0555,22,Male,North,Standard,49.38,9,6,43.2,Yearly,Bank Transfer,Yes,4,18,2,3,1
C0556,64,Male,East,Premium,70.78,2,4,67.3,Yearly,UPI,Yes,,13,0,3,0
C0557,40,Female,North,Standard,42.32,33,__5__,59.6,Monthly,Bank Transfer,Yes,3,4,2,2,0
C0558,39,Male,North,Basic,14.49,57,5,45,Monthly,Card,No,4,5,2,3,0
C0559,41,Female,East,Standard,49.65,7,3,35.1,Monthly,Card,Yes,8,0,2,1,0
C0560,38,Male,West,Standard,37.56,28,1,42.3,Quarterly,Cash,Yes,10,14,2,3,0
C0561,21,Male,East,Basic,23.67,52,7,35.1,Monthly,Bank Transfer,Yes,unknown,8,3,3,0
C0562,40,Male,North,Basic,8.5,1,5,40.7,Quarterly,Cash,No,5,16,2,1,0
C0563,35,Female,West,N/A,22.29,32,6,42.6,Yearly,UPI,Yes,9,10,0,3,0
C0564,55,Female,North,Basic,24.82,3,5,42.5,Yearly,Card,No,4,15,0,1,0
C0565,34,Female,North,Basic,9.46,4,5,38.8,Yearly,Bank Transfer,Yes,6,0,2,1,0
C0566,,Female,West,Premium,70.41,6,3,59.1,Yearly,UPI,Yes,8,10,5,1,0
C0567,51,Female,West,Premium,80.73,4,3,38.3,Monthly,Card,Yes,2,1,3,3,0
C0568,50,Female,East,Basic,22.3,5,6,37,Monthly,Bank Transfer,Yes,5,13,1,2,0
C0569,55,Female,Central,Basic,16.37,26,4,11.7,Quarterly,Card,Yes,4,4,1,2,0
C0570,26,Female,East,Basic,25.17,,7,47.6,Yearly,unknown,Yes,3,10,0,1,0
C0571,52,Female,East,__value__,41.47,3,1,56.6,3,Card,No,6,0,3,2,0
C0572,18,Male,North,Basic,8.5,37,0,33.5,Yearly,Card,Yes,6,17,1,3,0
C0573,42,Female,East,Premium,77.67,70,2,41.7,Yearly,Cash,0,5,0,1,4,0
C0574,31,Female,Central,Premium,67.18,9,"""""","""""",Monthly,UPI,No,4,0,1,2,0
C0575,58,Male,unknown,Standard,42.78,35,NaN,63.6,2,Card,Yes,2,1,1,2,0
C0576,47,Male,West,Basic,15.98,7,7,40,Quarterly,Bank Transfer,Yes,4,17,0,2,0
C0577,51,Male,East,Premium,77.12,70,2,60.9,Monthly,UPI,Yes,5,2,2,4,0
C0578,,Male,South,Standard,35.75,6,2,37.3,Yearly,Card,No,7,13,0,2,0
C0579,46,Male,Central,Basic,28.46,1,5,26.2,Monthly,Bank Transfer,No,2,39,3,2,1
C0580,34,Male,,Standard,__46.18__,7,3,25.4,Monthly,UPI,No,8,0,0,1,0
C0581,54,Male,Central,Standard,45.01,17,2,48.9,Monthly,UPI,No,4,13,0,3,0
C0582,46,Non-binary,West,Standard,48.64,8,0,38.5,Yearly,Card,Yes,6,6,0,1,0
C0583,46,Male,East,Standard,31.9,51,__2__,38.7,Monthly,UPI,Yes,10,0,4,4,0
C0584,22,Female,North,Standard,__38.86__,35,3,"""59.8""",Quarterly,Card,No,6,1,1,1,0
C0585,25,Male,East,Premium,63.93,13,1,69.8,Monthly,UPI,No,6,3,2,3,1
C0586,42,Female,Central,__value__,8.5,4,3,36.1,Quarterly,Card,No,4,unknown,2,2,0
C0587,23,Male,East,Standard,50.2,11,5,52.3,1,Bank Transfer,No,5,1,0,3,0
C0588,38,Male,Central,Basic,21.39,,0,34,Quarterly,Card,No,9,0,2,2,0
C0589,38,Female,West,Standard,47.17,20,1,67.2,Quarterly,Bank Transfer,Yes,7,8,0,2,0
C0590,40,Female,East,Premium,"""72.83""",5,5,64.3,Monthly,Bank Transfer,No,4,23,3,2,1
C0591,41,Female,Central,Standard,47.72,"""""",3,"""""",Monthly,Cash,No,7,3,0,2,0
C0592,24,Female,South,Premium,72.84,3,2,63.1,Monthly,UPI,No,5,18,3,3,0
C0593,31,Female,Central,Premium,87.72,46,2,60.8,Yearly,UPI,No,9,7,2,3,0
C0594,34,Male,Central,Standard,33.6,31,0,31.5,Monthly,Bank Transfer,Yes,6,0,1,2,0
C0595,29,Female,Central,Basic,14.54,1,5,49.5,Yearly,Card,Yes,4,7,1,2,0
C0596,46,Male,East,Premium,75.49,15,0,63.8,Monthly,Card,Yes,3,0,2,3,0
C0597,20,Male,East,Basic,24.35,1,4,41.1,Monthly,Card,Yes,2,7,1,2,1
C0598,39,Male,West,Basic,8.5,34,1,55.2,Yearly,Card,No,8,0,2,1,0
C0599,37,Female,East,Standard,33.91,unknown,0,72.2,Monthly,Bank Transfer,No,9,0,2,3,0
C0600,59,Female,West,1,37.45,2,4,21.1,3,Bank Transfer,Yes,5,9,1,2,1
C0601,34,Female,West,Basic,__23.9__,4,6,49.8,Monthly,UPI,No,unknown,0,0,2,1
C0602,22,Female,East,,16.19,24,5,49.3,Monthly,Card,Yes,6,0,0,1,0
C0603,40,Male,South,Standard,41.5,9,0,42.8,Yearly,UPI,Yes,6,23,0,1,0
C0604,41,Female,West,Premium,77.6,37,0,52.4,Monthly,Card,,5,16,1,2,0
C0605,36,Female,South,Basic,12.07,12,3,39.3,Monthly,Bank Transfer,Yes,5,17,0,2,0
C0606,__34__,Male,West,Basic,19.85,4,5,NaN,Quarterly,Bank Transfer,Yes,5,15,1,2,0
C0607,29,Female,East,Basic,15.31,18,4,30.3,Monthly,UPI,No,4,16,1,1,1
C0608,22,Male,Central,Premium,67.59,18,,32.3,Quarterly,Card,No,7,9,0,NaN,0
C0609,34,Non-binary,North,Basic,,26,7,40.9,Monthly,Card,No,2,15,3,3,1
C0610,38,Female,North,Basic,27.37,30,3,"""""",Monthly,Bank Transfer,No,5,unknown,1,1,0
C0611,20,Female,Central,Standard,__40.68__,6,0,40.1,Monthly,Card,Yes,8,2,4,3,0
C0612,30,,West,Standard,44.29,61,4,29.4,Yearly,Bank Transfer,No,4,1,0,1,0
C0613,18,__value__,North,Standard,54.7,22,2,36.6,Yearly,Bank Transfer,No,6,,4,3,0
C0614,,Male,Central,Standard,33.17,7,1,60.9,Monthly,Card,Yes,5,4,0,3,0
C0615,,Male,East,Premium,75.02,13,4,49.4,Yearly,UPI,Yes,5,0,3,3,1
C0616,44,Female,West,Standard,39.53,62,3,46.2,Monthly,Card,Yes,4,0,__0__,1,0
C0617,46,Male,North,Basic,25.66,48,3,42.9,Yearly,UPI,Yes,3,1,0,2,0
C0618,29,Non-binary,West,Basic,25.11,15,7,37.2,Yearly,Bank Transfer,Yes,4,26,2,3,0
C0619,32,Male,West,Standard,54.93,12,2,28.3,3,Card,Yes,7,5,0,1,0
C0620,28,Male,Central,Standard,27.11,25,3,43.7,Monthly,UPI,Yes,5,19,1,1,0
C0621,38,Female,South,Basic,17.94,1,4,37.6,Monthly,Card,Yes,5,3,1,2,0
C0622,57,Female,Central,Basic,16.39,18,2,47.5,Monthly,Card,Yes,7,15,1,3,0
C0623,40,Male,North,Premium,NaN,13,1,44.2,Quarterly,Card,Yes,6,5,0,3,1
C0624,31,Female,,Standard,52.89,43,1,46.5,Yearly,Bank Transfer,Yes,"""""",6,2,2,0
C0625,23,Male,South,Basic,16.5,23,3,56,Yearly,Card,No,5,15,3,2,0
C0626,,Female,Central,Standard,44.07,14,3,"""48.3""",Yearly,Card,No,5,9,1,2,0
C0627,57,Female,South,Premium,86.55,30,2,"""""",Yearly,Card,No,6,unknown,4,4,0
C0628,39,Female,Central,Standard,39.45,1,unknown,46.2,1,Card,No,4,7,0,2,1
C0629,36,Female,South,Basic,"""9.47""",1,6,39.3,Monthly,Card,Yes,4,4,2,2,0
C0630,54,Female,South,Premium,71.61,16,0,55.7,Quarterly,Bank Transfer,Yes,8,4,2,3,0
C0631,38,Male,South,Basic,11.41,14,9,42.6,Monthly,UPI,Yes,1,35,1,3,1
C0632,37,Female,East,Basic,27.65,2,4,36,Monthly,UPI,Yes,6,12,0,3,0
C0633,45,Female,North,Basic,25.73,2,9,32.1,Quarterly,UPI,Yes,6,16,0,1,1
C0634,18,Male,North,Basic,11.85,13,5,NaN,Monthly,UPI,No,4,33,3,3,1
C0635,28,Female,North,Standard,37.09,1,2,24.6,Monthly,Bank Transfer,Yes,NaN,18,,2,1
C0636,33,Male,Central,Basic,19.07,10,5,20.8,Monthly,Card,No,5,7,1,2,0
C0637,35,,South,Premium,81.8,3,,63.6,Quarterly,Card,unknown,7,17,3,2,0
C0638,28,Male,Central,Basic,20.36,20,3,,Quarterly,Bank Transfer,Yes,7,0,0,unknown,0
C0639,56,Male,Central,Basic,34.58,9,5,35.2,Yearly,UPI,No,4,14,0,2,0
C0640,21,Male,East,Premium,84.97,9,4,54.3,Monthly,Card,Yes,3,3,1,3,0
C0641,59,Female,East,Premium,68.25,43,3,39.6,Yearly,Card,No,4,7,1,1,1
C0642,45,Female,East,Premium,80.02,51,0,57.3,Quarterly,Bank Transfer,Yes,4,7,2,3,1
C0643,45,Male,South,Standard,23.3,7,1,40.4,Monthly,Card,Yes,4,0,2,2,0
C0644,47,Male,North,Standard,28.69,12,4,38.3,Yearly,Card,Yes,7,5,0,1,0
C0645,45,Male,West,Basic,30.33,18,6,52.7,Monthly,Card,Yes,2,0,0,2,0
C0646,53,Male,East,Basic,22.72,34,6,29.4,Monthly,Card,Yes,NaN,10,2,2,0
C0647,44,Male,West,Premium,64.37,3,0,71.2,1,Card,No,2,12,1,3,1
C0648,58,Male,Central,Basic,10.52,7,4,23.3,Yearly,UPI,No,4,20,0,1,0
C0649,20,Female,South,Standard,25.93,72,0,28.9,Monthly,Card,0,7,0,0,1,0
C0650,41,Female,East,Basic,27.85,27,3,unknown,Quarterly,Card,Yes,4,0,0,2,0
C0651,50,Female,West,Premium,69.05,5,5,24.2,Yearly,Card,No,4,2,0,2,0
C0652,45,Female,South,Standard,47.54,19,2,18.1,Yearly,Card,Yes,6,16,3,2,0
C0653,48,Female,North,Basic,19.81,37,9,28.1,Monthly,Card,Yes,2,11,3,1,0
C0654,18,Male,N/A,Premium,57.84,44,0,"""40.8""",Monthly,UPI,No,6,0,0,2,0
C0655,37,Female,West,Basic,18.82,11,2,40.7,Yearly,Card,Yes,5,16,2,1,0
C0656,28,Male,South,Premium,78.14,1,6,44.8,Quarterly,Bank Transfer,Yes,5,10,1,3,1
C0657,29,Male,East,Premium,75.48,26,4,45.6,Monthly,Card,No,4,6,5,2,0
C0658,37,Female,North,1,,6,7,36.5,Monthly,Card,Yes,5,9,1,2,0
C0659,32,Male,East,Standard,42.14,3,1,45.3,Yearly,UPI,,5,6,0,1,0
C0660,34,Female,West,Basic,11.3,22,3,40.3,Quarterly,UPI,No,7,1,1,3,0
C0661,38,Female,West,Premium,80.19,24,1,60.9,Yearly,Cash,No,7,0,,4,0
C0662,41,Male,West,Standard,49.49,5,0,53,Yearly,UPI,No,9,0,0,2,0
C0663,28,Male,East,Standard,40.2,11,2,53.1,Monthly,Cash,No,4,15,3,4,0
C0664,unknown,Female,North,Basic,9.82,13,8,27.7,Monthly,UPI,Yes,2,27,0,2,0
C0665,34,Male,North,Basic,30.83,10,4,38.1,1,Bank Transfer,No,3,6,0,2,0
C0666,38,Female,East,Standard,38.71,15,0,31,Monthly,Card,Yes,3,0,1,4,0
C0667,33,Female,North,1,22.86,1,6,38.6,Monthly,Bank Transfer,Yes,3,23,1,1,1
C0668,50,Female,South,3,84.82,38,2,50.2,Monthly,UPI,No,8,1,0,2,0
C0669,27,Female,East,Premium,70.81,10,2,44.2,Monthly,Card,No,4,4,0,3,0
C0670,35,Female,Central,1,24.44,1,3,41.5,Monthly,Bank Transfer,Yes,6,33,0,2,0
C0671,22,Male,North,Basic,13.56,4,6,30.9,Monthly,Card,No,1,20,0,2,1
C0672,36,Male,South,Basic,24.91,22,1,28.8,Monthly,Card,Yes,4,5,2,NaN,0
C0673,23,Female,North,Premium,76.09,10,NaN,55.9,Monthly,Bank Transfer,Yes,6,,4,5,0
C0674,"""""",Male,Central,Standard,35.05,1,7,64.7,Quarterly,UPI,Yes,1,37,0,2,1
C0675,29,Female,East,Standard,28.77,6,0,48,Yearly,UPI,No,9,9,2,2,0
C0676,39,Non-binary,East,Standard,44.42,5,4,47.8,Monthly,Bank Transfer,No,7,15,2,2,1
C0677,40,Female,West,Standard,48.12,7,0,34.1,Monthly,Bank Transfer,No,unknown,5,0,1,0
C0678,52,Female,West,Basic,,27,3,36.4,Yearly,UPI,No,5,6,2,1,0
C0679,39,Male,North,Basic,13.75,41,7,44.5,Monthly,Bank Transfer,Yes,2,12,0,1,0
C0680,27,Female,Central,Basic,19.1,17,5,__47.2__,Quarterly,Card,Yes,2,17,0,1,1
C0681,49,,East,Premium,68.15,27,0,63.5,Quarterly,UPI,__value__,7,7,7,3,0
C0682,32,Female,East,Basic,22.04,9,5,65.6,Quarterly,Card,Yes,3,14,0,1,0
C0683,57,Female,West,Premium,72.31,19,0,54.8,Yearly,UPI,No,8,0,3,3,0
C0684,41,__value__,North,Basic,14.92,19,unknown,42.4,Monthly,Cash,Yes,unknown,12,2,1,1
C0685,30,Female,East,Standard,25.18,51,0,54,Quarterly,Card,0,3,0,2,3,0
C0686,41,Male,North,Basic,27,15,6,48.8,Yearly,Card,No,8,,2,3,0
C0687,35,Male,North,Basic,16.85,9,8,48.6,Monthly,UPI,,unknown,15,1,2,1
C0688,35,Male,East,Standard,37.18,33,2,48.8,3,Card,Yes,8,5,0,3,0
C0689,45,Male,Central,Basic,8.5,14,5,57.4,Monthly,UPI,No,5,24,0,2,0
C0690,52,Male,West,Basic,25.44,46,2,39.8,Monthly,Bank Transfer,Yes,3,0,2,2,0
C0691,22,Male,West,Basic,31.33,19,8,54.3,Monthly,Bank Transfer,Yes,6,16,0,2,0
C0692,,Male,East,Standard,50.96,12,1,43.6,Yearly,Card,No,8,1,0,2,0
C0693,31,Male,East,Premium,72.36,61,3,50.7,Yearly,UPI,Yes,4,20,3,3,0
C0694,40,Male,North,Standard,33.6,5,3,49.6,Monthly,UPI,Yes,5,4,0,1,1
C0695,39,Female,West,2,45.09,44,0,"""23.9""",Quarterly,UPI,Yes,9,5,3,4,0
C0696,44,Male,West,Standard,30.27,8,0,16.5,Monthly,UPI,Yes,7,11,0,2,0
C0697,33,Male,West,Basic,19.92,5,3,45.2,Quarterly,Bank Transfer,1,2,23,5,3,0
C0698,45,Female,West,Premium,85.37,8,1,37.8,__value__,UPI,Yes,7,12,1,"""""",0
C0699,31,Male,West,Basic,10.65,19,2,29.5,Monthly,Card,Yes,4,16,0,3,0
C0700,26,Female,South,Basic,16.44,54,4,32.8,Monthly,Bank Transfer,No,3,8,4,3,0
C0701,51,Male,West,Basic,21.35,7,6,28,Monthly,Card,Yes,2,28,0,1,1
C0702,36,Male,North,Basic,11.97,3,0,43,Monthly,Bank Transfer,No,10,0,4,2,0
C0703,46,Male,Central,Premium,76.8,19,3,46,Yearly,,No,6,0,6,,0
C0704,23,Female,West,Premium,61.42,29,0,38.6,Quarterly,Bank Transfer,0,6,0,0,2,0
C0705,34,Male,Central,Standard,54.08,17,4,32.1,Monthly,Card,Yes,NaN,12,0,3,0
C0706,33,Male,unknown,N/A,23.15,18,4,26.1,Monthly,Bank Transfer,No,2,8,0,2,1
C0707,39,Female,West,Basic,13.88,22,__4__,33.5,Monthly,UPI,No,3,1,0,2,0
C0708,30,Male,West,Basic,22.87,18,6,49.4,Monthly,Cash,Yes,6,9,0,2,0
C0709,"""""",Female,North,Basic,26.05,5,6,__46.3__,,UPI,No,7,11,0,2,0
C0710,33,Female,East,Standard,55.5,14,2,52.6,__value__,Card,0,8,19,1,2,0
C0711,38,Female,North,Basic,8.5,20,7,38.4,Quarterly,Bank Transfer,Yes,1,0,0,1,0
C0712,33,Female,West,Standard,47.41,55,5,unknown,Yearly,Card,Yes,6,21,0,2,0
C0713,19,Male,South,Basic,20.2,41,5,"""""",Monthly,Bank Transfer,No,5,0,0,2,0
C0714,24,Male,West,Standard,57.69,2,2,24.8,Monthly,Bank Transfer,Yes,3,20,4,2,0
C0715,33,Non-binary,North,Standard,31.32,32,5,48.1,Yearly,UPI,Yes,2,22,0,1,0
C0716,53,Female,Central,2,51.4,3,3,51.2,Monthly,UPI,No,5,14,0,2,0
C0717,28,Male,East,Standard,42.32,,0,44.6,Monthly,Card,1,6,3,2,1,0
C0718,30,Female,East,Standard,53.89,11,1,59.2,Quarterly,Card,Yes,4,14,2,2,0
C0719,29,Female,Central,Standard,38.87,"""""",3,50.1,Monthly,UPI,Yes,2,22,0,2,0
C0720,47,Male,North,Basic,33.22,7,5,49.5,Yearly,UPI,No,4,21,4,2,0
C0721,47,Female,South,Standard,30.47,9,5,43.9,Yearly,Bank Transfer,Yes,8,5,1,2,0
C0722,24,Male,South,Standard,45.2,19,2,58.3,Monthly,Card,No,5,4,2,4,1
C0723,47,Male,unknown,Basic,12.44,26,4,41.7,Yearly,Card,No,7,10,"""""",2,0
C0724,24,Male,North,Standard,36.25,36,5,55.5,Yearly,Card,No,3,2,3,2,0
C0725,30,Female,Central,Basic,"""18.23""",19,4,"""54.5""",Monthly,UPI,Yes,4,6,1,1,1
C0726,47,Female,South,Basic,12.07,11,3,64.8,Monthly,N/A,1,6,22,1,1,0
C0727,31,Male,East,Premium,83.9,5,1,45.2,Monthly,Card,Yes,7,16,1,4,0
C0728,27,Female,South,Premium,"""70.32""",12,,45.9,Monthly,Card,Yes,5,0,0,3,0
C0729,37,Non-binary,East,Standard,33.88,3,0,44.4,Yearly,Card,No,7,20,2,2,0
C0730,20,Female,__value__,Standard,37.32,35,3,46.4,Monthly,Bank Transfer,No,1,12,3,3,0
C0731,47,Male,Central,Standard,36.99,2,4,44.5,Monthly,Bank Transfer,Yes,1,18,5,4,0
C0732,47,Female,Central,Basic,8.5,2,5,55.1,Yearly,Card,Yes,5,15,1,2,0
C0733,34,Female,West,Standard,35.26,5,,48.9,1,Card,No,__6__,18,1,2,0
C0734,19,Female,Central,Basic,24.39,72,3,NaN,Yearly,Cash,No,__5__,7,0,3,0
C0735,41,Female,North,Standard,43.61,29,2,37.6,Yearly,Bank Transfer,0,6,0,0,2,0
C0736,50,Female,North,Basic,9.06,16,1,47.2,Quarterly,Cash,No,5,9,0,1,1
C0737,34,Female,Central,Standard,46.1,8,0,46.3,Yearly,Bank Transfer,Yes,10,0,3,4,0
C0738,38,Female,North,Standard,43.68,14,3,38.5,Monthly,Card,Yes,4,18,0,4,0
C0739,33,Female,unknown,Basic,21.43,54,9,43.3,Yearly,Card,Yes,2,15,1,1,0
C0740,49,Female,Central,Basic,16.17,26,6,49.2,Quarterly,UPI,Yes,5,35,1,1,0
C0741,46,Male,West,Standard,47.72,36,0,63,Yearly,Bank Transfer,No,5,33,3,3,0
C0742,18,Male,East,Basic,,34,5,42.1,Monthly,unknown,Yes,,10,1,3,0
C0743,21,Male,South,Premium,64.97,61,2,33.5,Monthly,UPI,Yes,7,5,1,4,0
C0744,36,Female,East,Basic,25.01,12,5,34.6,Monthly,,No,4,7,2,3,1
C0745,33,Non-binary,West,Premium,76.43,35,1,unknown,Quarterly,Bank Transfer,Yes,2,7,3,4,0
C0746,23,Female,Central,Basic,9.69,5,8,59.1,Monthly,Card,Yes,1,31,1,2,1
C0747,31,Non-binary,Central,Standard,35.99,16,4,28.6,Monthly,Bank Transfer,No,1,2,4,3,1
C0748,43,Male,South,Standard,43.58,33,2,52.5,Monthly,Bank Transfer,No,7,18,2,2,0
C0749,28,Male,East,Standard,43.81,14,0,73.7,Monthly,Card,No,7,0,3,3,0
C0750,35,Male,North,Premium,88.92,,__2__,65.5,Monthly,Bank Transfer,Yes,6,2,0,4,1
C0751,45,Male,Central,1,10.96,33,5,42.7,Quarterly,Card,No,6,21,0,2,0
C0752,40,Female,East,Basic,37.25,21,2,25.2,Monthly,Cash,No,unknown,2,0,unknown,1
C0753,47,Male,Central,Premium,73.44,41,1,54.9,Yearly,Card,Yes,5,0,4,3,0
C0754,NaN,Male,South,Standard,44.99,30,,38.8,Yearly,Bank Transfer,Yes,7,,4,4,0
C0755,41,Female,South,Basic,15.43,__3__,4,50.7,2,Bank Transfer,Yes,5,0,1,3,0
C0756,22,Male,East,Premium,72.19,54,6,57.8,Monthly,Bank Transfer,Yes,5,unknown,3,3,0
C0757,32,Female,Central,Premium,74.51,5,3,42.9,Quarterly,Bank Transfer,Yes,unknown,17,3,2,0
C0758,30,Female,East,Premium,69.49,NaN,5,64.6,Monthly,Bank Transfer,No,3,11,2,2,1
C0759,42,Female,West,Basic,11.38,3,6,unknown,Monthly,Card,No,4,27,0,1,0
C0760,__36__,Female,West,Premium,72.76,16,0,50.3,Yearly,Bank Transfer,No,7,0,1,3,0
C0761,57,Female,West,Premium,85.48,6,3,44.1,Yearly,Card,1,8,10,4,3,0
C0762,41,Female,East,Standard,55.29,26,2,NaN,Monthly,Card,Yes,2,3,2,2,0
C0763,41,Male,Central,Standard,40.21,4,0,47.8,Quarterly,Card,No,9,0,3,2,0
C0764,18,Female,unknown,Basic,unknown,15,6,54.2,Monthly,Card,No,6,5,1,2,0
C0765,33,Male,East,Standard,45.4,64,1,48.8,Yearly,Card,Yes,7,0,1,3,0
C0766,45,Female,South,Basic,11.91,6,8,42,Yearly,Card,Yes,2,16,2,1,0
C0767,60,Female,East,Premium,60.66,6,0,71.2,Yearly,Card,Yes,8,1,6,2,0
C0768,31,Non-binary,Central,Standard,41,14,5,53.3,Monthly,Card,No,7,7,1,3,0
C0769,25,Female,North,Premium,77.12,4,0,48.8,Monthly,Card,No,8,13,5,4,0
C0770,53,Female,West,Standard,37.81,27,3,49.5,Quarterly,Card,No,4,12,1,1,0
C0771,40,Female,North,__value__,52.71,1,2,38.9,N/A,Card,Yes,__5__,11,3,6,0
C0772,57,Male,West,Standard,41.01,8,3,47.5,Quarterly,UPI,No,3,17,1,2,1
C0773,42,unknown,North,Basic,25.62,unknown,6,72.2,,Card,No,3,15,0,1,1
C0774,32,Non-binary,Central,Basic,21.48,8,3,59.8,Quarterly,,Yes,6,19,0,2,0
C0775,50,Male,East,Standard,48.94,40,1,20,Monthly,Card,No,6,0,0,1,0
C0776,40,Male,East,Standard,35.53,17,2,45.9,Monthly,Card,No,4,15,0,1,0
C0777,52,Male,South,Basic,13.9,5,5,34.3,__value__,Card,No,7,3,3,2,0
C0778,47,Female,East,Premium,80.64,15,1,41,Yearly,Bank Transfer,Yes,9,13,2,4,0
C0779,27,Female,East,N/A,48.48,17,0,74.2,Yearly,UPI,No,NaN,__0__,2,2,0
C0780,48,Female,North,Standard,36.13,1,NaN,48.5,Yearly,Card,No,9,0,0,2,0
C0781,29,Male,South,Premium,,23,3,56.5,Monthly,Bank Transfer,Yes,6,2,0,1,1
C0782,38,Female,South,Premium,unknown,32,0,69.1,Monthly,Card,1,5,0,0,3,0
C0783,31,Female,East,Standard,NaN,1,3,31.7,Yearly,Card,No,6,11,0,2,0
C0784,48,Male,North,Basic,26.86,42,3,41.8,Monthly,Cash,Yes,3,0,0,2,0
C0785,32,Male,South,Premium,73.37,15,,53.8,Yearly,Bank Transfer,Yes,7,20,3,,0
C0786,37,Male,South,Standard,53.04,27,0,30.9,Yearly,UPI,No,8,0,3,4,0
C0787,42,Female,North,Basic,25.95,3,5,44.6,Monthly,Card,No,1,23,2,2,1
C0788,31,Non-binary,North,Basic,16.44,2,4,40.8,Quarterly,UPI,Yes,8,14,1,2,1
C0789,47,Female,South,2,44.84,1,1,41.1,3,Bank Transfer,Yes,5,16,0,3,0
C0790,28,Non-binary,West,Standard,,42,0,48.4,Monthly,Card,No,8,,1,3,0
C0791,28,Male,West,Standard,44.81,15,2,52.5,Yearly,Card,No,5,10,0,1,0
C0792,30,Male,Central,unknown,23.37,5,5,47.5,3,Bank Transfer,No,7,4,1,1,0
C0793,38,Male,West,Basic,22.3,33,5,25.6,Monthly,Card,Yes,5,15,0,2,0
C0794,33,Female,East,Premium,67.58,21,2,37.9,Quarterly,UPI,Yes,5,11,1,1,0
C0795,22,Female,North,,33.32,28,2,42.2,Yearly,Card,No,5,22,1,2,0
C0796,42,Female,unknown,Premium,68.6,11,1,59.5,Monthly,UPI,Yes,7,0,4,5,0
C0797,22,Female,East,Standard,37.75,43,5,38.3,Monthly,Bank Transfer,No,5,12,0,2,1
C0798,29,Female,Central,Standard,28.34,11,4,42.6,Quarterly,Card,Yes,6,14,2,3,0
C0799,41,Female,South,Premium,73.06,7,0,28,Monthly,Bank Transfer,,10,2,__2__,,0
C0800,40,Female,North,Standard,48.06,43,3,43.9,Monthly,Bank Transfer,Yes,"""""",4,2,1,0
C0801,31,Non-binary,Central,Basic,16.66,16,NaN,47.9,Monthly,,No,4,18,0,3,0
C0802,__21__,Male,East,Standard,47.73,15,0,unknown,3,UPI,Yes,7,0,0,2,0
C0803,38,Male,East,Basic,14.43,16,5,45.4,Monthly,UPI,No,2,30,3,3,0
C0804,52,Male,North,Standard,39.82,2,5,59.6,Yearly,Card,No,7,17,0,1,0
C0805,25,Male,South,Standard,49.31,13,1,29.8,Quarterly,Bank Transfer,No,4,9,5,4,0
C0806,47,Male,North,Standard,34.74,2,2,50.4,Yearly,Card,,4,2,0,2,0
C0807,45,Female,East,Basic,"""8.5""",4,7,45.1,Yearly,Card,No,1,25,2,2,0
C0808,32,,East,Standard,35.77,17,4,37.4,Quarterly,Card,Yes,5,1,unknown,3,0
C0809,36,Male,East,Standard,__36.25__,39,0,59.5,Yearly,Card,No,6,0,0,1,0
C0810,50,Male,South,Basic,8.5,1,5,25.1,Monthly,Bank Transfer,Yes,5,18,1,3,1
C0811,29,Female,Central,Basic,22.26,4,3,33.2,Monthly,UPI,Yes,4,3,__4__,4,0
C0812,32,Female,West,Premium,72.23,10,3,"""54.0""",Monthly,Bank Transfer,No,4,11,2,4,0
C0813,44,Male,West,Basic,8.5,11,3,45,Monthly,Card,No,3,28,3,2,0
C0814,28,Male,South,Premium,71.65,28,0,43.4,Quarterly,Bank Transfer,0,6,11,3,3,0
C0815,32,Male,Central,Standard,45.02,17,6,NaN,,Bank Transfer,No,4,6,3,4,1
C0816,37,Male,,Standard,53.33,3,1,51.3,Yearly,Bank Transfer,__value__,8,0,4,2,0
C0817,35,Male,Central,Basic,8.5,29,1,51.2,,Card,Yes,8,2,2,2,0
C0818,42,Female,Central,Basic,15.57,11,3,65,Monthly,unknown,No,4,21,0,2,1
C0819,31,Male,West,Standard,50.08,18,0,33.2,Monthly,UPI,Yes,6,13,0,1,1
C0820,35,Male,North,Basic,13.84,2,6,55.4,Monthly,Card,Yes,5,19,2,3,1
C0821,20,Female,Central,Premium,82.09,31,1,55.5,Yearly,Card,Yes,5,0,5,4,0
C0822,44,Male,South,Premium,76.48,3,1,63.6,Quarterly,Card,Yes,6,8,1,2,1
C0823,37,Male,West,Basic,20.06,22,3,36.1,Yearly,Card,Yes,2,4,0,1,0
C0824,30,Male,Central,Basic,17.68,4,6,33.9,Quarterly,Bank Transfer,Yes,6,11,1,1,1
C0825,33,Female,South,Basic,20.47,16,5,19.9,Quarterly,UPI,No,4,14,0,1,0
C0826,36,Male,South,Premium,84.57,36,3,78.9,Monthly,Card,No,4,1,0,3,1
C0827,58,Male,Central,Basic,16.69,1,5,NaN,N/A,Card,Yes,1,21,1,2,1
C0828,19,Female,East,Basic,"""8.5""",10,8,42.6,Yearly,Card,Yes,7,7,1,1,0
C0829,36,Male,West,Basic,8.5,3,,29,,UPI,1,8,11,4,,0
C0830,28,Male,West,Premium,79.67,10,4,50.6,1,Card,No,4,18,0,3,1
C0831,33,Male,West,Premium,91.07,72,4,56.9,Yearly,Bank Transfer,No,6,0,1,2,0
C0832,23,Female,East,Standard,52.98,9,1,39.8,Quarterly,Card,1,4,12,0,2,0
C0833,37,unknown,East,Premium,65.66,2,2,"""59.5""",Yearly,Bank Transfer,Yes,4,6,3,3,0
C0834,43,Male,South,Premium,74.51,16,5,50,N/A,Card,No,9,0,1,3,0
C0835,36,Female,South,Standard,52.11,28,0,"""42.7""",3,Card,No,4,0,1,3,0
C0836,37,Female,West,Basic,14.2,22,5,__23.3__,Yearly,Cash,No,1,13,0,1,0
C0837,34,Female,South,Basic,,1,6,45.4,Yearly,Card,Yes,6,11,0,3,0
C0838,33,Male,West,Standard,__49.53__,46,0,30.9,Quarterly,Cash,Yes,6,2,0,2,0
C0839,38,Female,East,Premium,66.68,,4,52.6,Yearly,unknown,Yes,5,__12__,2,5,0
C0840,45,Male,Central,Premium,79.36,1,0,71.7,Yearly,Card,Yes,8,3,4,2,0
C0841,24,Male,Central,Basic,21.23,47,4,38.1,Quarterly,UPI,Yes,6,0,NaN,3,0
C0842,41,Female,South,Standard,44.95,6,0,53.8,Quarterly,Card,Yes,6,10,2,1,0
C0843,32,Female,,Basic,8.5,3,4,14.4,Quarterly,Bank Transfer,Yes,,10,0,2,0
C0844,46,Male,Central,Standard,47.61,2,5,52.5,Quarterly,Bank Transfer,Yes,4,35,1,2,1
C0845,39,Female,Central,1,22.88,6,8,47.9,Monthly,Card,Yes,3,24,2,3,1
C0846,55,Male,East,Standard,47.19,1,3,37.2,Yearly,UPI,No,7,18,0,2,0
C0847,27,Female,South,Standard,34.57,36,4,55.7,Monthly,Cash,Yes,6,15,0,2,0
C0848,,Female,North,Premium,NaN,28,5,55.6,3,Card,No,7,0,3,4,0
C0849,49,Female,South,Basic,10.58,14,4,41.1,Quarterly,Card,Yes,4,0,1,2,0
C0850,33,Non-binary,East,Basic,NaN,NaN,4,49.4,Yearly,Bank Transfer,Yes,7,0,0,1,0
C0851,29,Male,North,Standard,33.14,67,0,38.9,Monthly,Bank Transfer,No,8,0,2,4,0
C0852,37,Non-binary,South,Premium,80.2,14,0,,Monthly,Bank Transfer,No,7,__0__,2,2,0
C0853,28,Male,West,Standard,49.65,4,1,19.6,Quarterly,Card,No,6,1,0,1,0
C0854,28,Female,Central,Basic,18.62,6,6,43,Monthly,Bank Transfer,Yes,,,0,3,0
C0855,18,Female,West,Basic,13.36,1,0,55.7,Quarterly,Bank Transfer,Yes,7,8,0,,0
C0856,42,Female,East,Basic,12.72,2,5,29.2,,Bank Transfer,Yes,NaN,27,1,1,0
C0857,39,Female,Central,Basic,28.7,5,7,42.3,Yearly,Card,No,2,26,1,2,0
C0858,,Female,North,Basic,8.5,34,5,52.7,Monthly,Card,Yes,5,12,0,3,0
C0859,31,Male,unknown,Standard,45.62,11,4,59.7,Yearly,UPI,Yes,6,3,0,1,0
C0860,35,Female,West,Premium,76.37,17,0,66.3,Quarterly,UPI,1,7,0,1,4,0
C0861,34,Female,West,Premium,80.61,21,0,47.9,,UPI,Yes,5,0,3,3,0
C0862,26,Male,East,Basic,21.94,72,3,42.1,Yearly,Bank Transfer,No,7,0,2,2,0
C0863,57,Male,Central,Basic,27.53,2,7,35.2,Monthly,UPI,1,4,14,0,3,1
C0864,40,Female,South,1,19.43,12,4,44.1,Monthly,Cash,No,7,15,0,3,0
C0865,39,Male,South,Basic,"""""",49,5,42.2,Yearly,,Yes,7,4,1,2,0
C0866,40,Female,East,Standard,45.54,6,2,48.3,Monthly,Card,No,5,4,0,2,0
C0867,41,Male,Central,Standard,30.53,40,0,45.3,Monthly,UPI,Yes,7,0,0,4,0
C0868,40,Male,North,Standard,38.76,9,1,56,Monthly,Card,Yes,5,,2,2,0
C0869,50,Female,South,Standard,54.79,7,2,43.5,Monthly,Bank Transfer,Yes,3,11,2,2,0
C0870,62,Female,North,Basic,24.16,1,3,43.6,Quarterly,Bank Transfer,No,4,19,0,2,0
C0871,26,Male,Central,Basic,18.96,72,7,54,Monthly,Card,Yes,3,5,0,3,0
C0872,30,Male,Central,Standard,37.46,39,2,__29.8__,Monthly,Bank Transfer,Yes,5,0,1,2,0
C0873,28,Female,East,Basic,29.09,26,6,"""""",Monthly,Card,Yes,4,12,0,2,0
C0874,45,Female,South,Basic,12.34,2,6,33.8,Monthly,Card,Yes,7,11,0,2,0
C0875,49,Non-binary,West,,68.45,6,0,45.7,Yearly,Card,No,5,2,3,2,0
C0876,43,Male,North,Standard,28.97,6,3,37.8,Yearly,Cash,Yes,3,2,0,3,0
C0877,41,Female,West,3,70.34,47,1,41.4,Monthly,Card,Yes,5,5,0,1,0
C0878,40,Male,West,Premium,unknown,4,1,"""54.2""",Yearly,,Yes,8,0,5,3,0
C0879,42,Female,South,Basic,12.67,17,1,29.8,Monthly,Card,No,7,10,4,1,0
C0880,34,Male,West,,13.66,3,,39.2,Quarterly,UPI,Yes,2,17,2,2,1
C0881,18,Female,South,Premium,63.14,41,3,41.8,Monthly,Card,0,7,7,3,4,0
C0882,47,Female,West,Standard,53.56,22,6,44.8,2,UPI,No,2,22,0,3,1
C0883,39,Non-binary,East,Standard,36.51,5,0,46.1,Monthly,Card,No,10,26,3,3,0
C0884,32,Male,West,2,__48.1__,3,0,21.3,Quarterly,Bank Transfer,No,7,13,1,2,0
C0885,,Female,East,1,18.81,31,0,48.5,Yearly,UPI,Yes,9,0,1,1,0
C0886,37,Male,South,Premium,58.9,10,0,56.7,1,UPI,Yes,3,0,4,3,0
C0887,39,Female,Central,,8.5,__1__,1,44,Monthly,Card,Yes,4,unknown,0,2,0
C0888,52,Female,West,Standard,41.56,24,7,47.2,Quarterly,Card,No,1,18,3,3,0
C0889,56,Male,West,unknown,80.79,17,2,63,Quarterly,Bank Transfer,Yes,5,4,2,5,0
C0890,35,Male,West,Basic,27.8,1,5,42,Yearly,Bank Transfer,No,5,13,2,1,0
C0891,41,Female,West,Premium,61.69,5,1,46.1,Monthly,Card,No,4,4,0,3,0
C0892,50,Female,North,Basic,,49,5,34.1,Monthly,Card,Yes,1,14,0,3,0
C0893,53,Female,North,Premium,74.84,38,2,"""52.8""",Monthly,UPI,No,,0,4,4,0
C0894,38,,North,Standard,28.16,__18__,2,31.4,Monthly,Card,No,4,4,4,3,0
C0895,,Male,South,Basic,14.72,14,4,34.3,Yearly,UPI,Yes,4,18,1,2,0
C0896,39,Male,West,Standard,36.88,unknown,8,54.1,Monthly,Bank Transfer,No,1,18,0,,1
C0897,48,Male,,Basic,20.29,20,3,48.4,Quarterly,Card,Yes,4,9,2,3,0
C0898,26,Female,Central,Standard,37.01,8,1,39.8,Yearly,,Yes,8,0,2,2,0
C0899,42,Male,West,Premium,74.03,6,5,27.6,Yearly,Card,Yes,5,3,3,3,0
C0900,41,Female,Central,Premium,77.4,9,3,58.1,Monthly,UPI,Yes,6,24,2,4,0
C0901,23,Female,Central,Premium,71.9,__37__,0,47.2,Quarterly,Card,Yes,8,0,3,3,0
C0902,36,Male,Central,Basic,13.67,40,8,45.3,Monthly,Card,1,6,3,1,3,0
C0903,51,Male,North,Standard,35.89,24,4,53.9,Yearly,UPI,__value__,3,17,2,1,0
C0904,43,Male,West,Basic,10.19,20,6,NaN,1,Card,No,unknown,8,1,4,1
C0905,NaN,Female,North,Standard,47.56,4,2,47.3,Monthly,Bank Transfer,Yes,5,4,6,,0
C0906,35,Male,South,Basic,8.5,3,6,40.6,1,UPI,Yes,2,25,2,3,1
C0907,18,Male,Central,Standard,58.16,11,3,56.2,Monthly,Card,No,7,0,0,2,0
C0908,36,Male,North,Standard,50.53,14,2,46.6,Monthly,Card,Yes,6,0,1,2,0
C0909,34,Male,East,Premium,"""80.39""",60,1,__66.2__,Monthly,Card,No,5,0,4,3,0
C0910,42,Male,East,Standard,46.98,6,0,"""25.5""",2,Card,Yes,7,0,0,3,0
C0911,30,Female,Central,3,66.12,18,2,53.4,,Card,No,4,2,3,3,0
C0912,"""""",Male,East,Standard,54.76,18,0,17.5,Quarterly,Card,Yes,4,0,0,3,0
C0913,37,Female,West,3,65.15,1,4,59.5,Monthly,Card,Yes,2,16,1,2,0
C0914,20,Male,South,Basic,14.17,2,5,65.3,Monthly,Cash,No,7,0,4,4,0
C0915,43,Female,South,Basic,21.37,22,2,37.4,Quarterly,Card,No,6,0,0,2,0
C0916,18,Male,West,Standard,32.95,50,2,27.5,Monthly,UPI,No,3,0,2,4,0
C0917,43,Female,South,Basic,19.41,12,4,34.3,Monthly,Card,No,5,22,2,2,0
C0918,39,Female,West,Basic,20.38,4,6,42,Yearly,Bank Transfer,Yes,5,17,0,2,0
C0919,__45__,Female,Central,Premium,85.94,49,5,38.2,Yearly,UPI,Yes,7,3,0,2,0
C0920,21,Male,East,Standard,32.86,47,3,21.3,Monthly,Card,No,4,4,0,1,0
C0921,53,,North,Standard,46.34,10,0,28,Yearly,Card,Yes,10,0,2,2,0
C0922,32,Female,North,Basic,17.15,14,5,50.6,Monthly,Card,Yes,5,6,1,1,0
C0923,21,Male,Central,1,16.74,26,2,45.5,Yearly,Card,Yes,7,3,0,2,0
C0924,46,Female,Central,Basic,19.34,21,1,44.1,Monthly,UPI,No,8,5,2,2,0
C0925,30,Male,unknown,2,"""48.22""",26,2,46.1,Yearly,Bank Transfer,Yes,4,6,1,2,0
C0926,38,Female,East,Basic,8.59,1,4,42,Quarterly,,Yes,4,21,0,3,0
C0927,25,Female,South,Standard,40.47,29,0,39.5,Monthly,Card,Yes,8,8,1,1,0
C0928,25,Male,Central,Premium,76.54,15,0,40.9,Monthly,Bank Transfer,No,10,0,3,4,0
C0929,42,Male,Central,Basic,19.19,15,4,40.8,Quarterly,Card,No,6,28,0,2,0
C0930,23,Female,North,Basic,27.42,5,4,35.6,Monthly,UPI,,2,12,0,1,1
C0931,59,Female,South,Basic,20.14,24,3,39.9,Monthly,UPI,Yes,7,0,0,4,0
C0932,25,Female,North,1,28.55,28,4,"""30.6""",__value__,Card,Yes,6,0,0,1,0
C0933,42,Female,Central,Standard,26.6,46,2,23.9,Monthly,Bank Transfer,1,8,21,0,4,0
C0934,38,Female,North,Basic,15.52,19,6,40.1,Monthly,Card,No,4,7,0,2,0
C0935,49,Female,North,Basic,26.97,23,2,45,Yearly,Card,Yes,8,1,4,3,0
C0936,47,Non-binary,North,Premium,83.61,35,1,26.6,Yearly,Bank Transfer,1,7,0,0,3,0
C0937,25,Female,North,Basic,23.59,4,8,5.8,Monthly,Card,No,3,22,0,1,1
C0938,28,Female,East,Standard,48.3,32,0,26.1,Yearly,UPI,No,7,0,0,1,0
C0939,50,Female,Central,Standard,47.02,16,3,47,Monthly,Bank Transfer,Yes,6,7,2,2,0
C0940,41,Female,South,Basic,22.66,11,4,50.8,Monthly,Cash,No,5,4,__0__,2,0
C0941,44,Female,East,Basic,8.5,50,0,54.4,Quarterly,Bank Transfer,Yes,6,0,3,1,0
C0942,39,Female,East,Basic,unknown,39,8,51.7,Monthly,Card,Yes,1,28,1,2,1
C0943,45,Female,Central,Standard,,11,4,50.7,Monthly,UPI,No,5,15,0,2,0
C0944,44,Female,North,Premium,76.49,72,2,43.6,Monthly,UPI,No,5,0,1,3,0
C0945,32,Male,East,Standard,,22,1,"""39.6""",Monthly,Bank Transfer,0,6,0,1,2,0
C0946,51,Male,Central,2,"""41.46""",18,NaN,28.7,Quarterly,Card,0,6,12,0,1,0
C0947,23,Male,Central,Basic,8.5,14,3,49.3,Yearly,Card,Yes,6,8,0,2,0
C0948,44,Male,South,Basic,17.17,33,5,33.4,,UPI,1,1,2,3,3,1
C0949,31,Female,West,Standard,40.35,65,4,43.3,Quarterly,Card,No,4,0,1,3,0
C0950,31,Female,South,Standard,46.57,15,6,42.7,Monthly,Card,Yes,1,23,4,2,1
C0951,34,Female,South,Standard,42.79,26,1,40,Quarterly,Card,Yes,4,0,0,1,0
C0952,18,Male,South,Standard,36.49,30,1,50.9,Yearly,Card,No,7,0,2,3,0
C0953,42,Female,North,,69.84,4,2,NaN,Quarterly,Bank Transfer,No,7,unknown,2,3,0
C0954,31,Male,South,Premium,78.5,8,6,48.4,Monthly,Card,Yes,2,11,1,4,0
C0955,31,Female,Central,Basic,NaN,16,3,45.2,1,UPI,Yes,5,9,0,2,0
C0956,46,Male,,2,52.79,26,1,44.8,Monthly,Card,No,6,0,0,1,0
C0957,43,Female,Central,Basic,19.4,28,10,43.2,Quarterly,Card,No,,28,1,2,0
C0958,21,Male,West,Basic,32.39,15,5,41.5,Yearly,UPI,Yes,7,16,1,2,0
C0959,37,Female,South,Standard,"""51.57""",15,4,39.4,Monthly,Bank Transfer,No,3,9,0,1,1
C0960,33,Female,East,Standard,40.81,66,3,46.2,Yearly,__value__,1,6,2,0,2,0
C0961,18,Female,South,Premium,78.24,2,3,39.7,Yearly,UPI,No,,5,2,4,0
C0962,,Female,West,Premium,83.86,21,0,61,Yearly,Card,No,7,5,0,3,0
C0963,28,Female,West,Premium,78.96,1,2,39.2,Quarterly,Bank Transfer,No,7,7,1,2,0
C0964,37,Female,South,Premium,83.12,1,2,__42.9__,Monthly,Bank Transfer,1,6,16,1,3,0
C0965,44,Female,Central,Premium,NaN,50,1,"""43.4""",Monthly,Card,No,7,0,0,2,0
C0966,22,Male,Central,Standard,NaN,21,2,56.8,N/A,UPI,No,6,3,3,2,0
C0967,53,Male,Central,Standard,38.31,23,1,33.6,Yearly,Bank Transfer,1,4,0,0,1,0
C0968,45,Female,Central,Standard,45.72,30,4,32.2,Monthly,Card,Yes,6,0,0,2,0
C0969,35,Female,East,Basic,16.46,2,2,30,Quarterly,Bank Transfer,No,3,10,2,1,0
C0970,18,Female,South,Basic,18.27,16,1,"""""",Yearly,Bank Transfer,No,9,1,0,1,0
C0971,29,Female,East,Standard,26.39,9,1,32,Monthly,Card,0,8,20,3,4,0
C0972,36,Female,West,Standard,47.05,4,0,58.1,Monthly,Bank Transfer,No,8,11,0,1,0
C0973,51,Male,Central,Premium,63.05,8,2,57.3,Quarterly,Card,Yes,3,32,0,3,0
C0974,44,Male,Central,Basic,27.1,22,3,53.8,Quarterly,Card,No,6,4,0,1,1
C0975,28,Female,,Basic,10.32,17,5,21.8,Monthly,Card,Yes,3,24,3,1,0
C0976,55,Female,Central,Standard,48.82,1,0,39.7,Quarterly,Card,Yes,7,0,0,3,0
C0977,32,Male,South,Basic,24.32,40,6,29.1,Yearly,Bank Transfer,Yes,1,19,5,3,0
C0978,46,Female,North,Basic,8.5,27,8,49.9,Monthly,Card,Yes,5,13,0,2,0
C0979,46,Male,East,Basic,8.5,34,1,38.1,Monthly,Card,Yes,4,16,1,1,0
C0980,28,Female,West,Standard,54.3,6,2,36.9,Quarterly,Bank Transfer,No,7,1,0,1,0
C0981,22,Female,Central,Basic,30.13,13,4,55.3,Monthly,Card,__value__,5,9,1,2,1
C0982,42,Female,Central,Standard,"""47.69""",5,3,"""39.7""",3,UPI,No,7,0,1,2,0
C0983,44,Female,Central,Standard,43.14,21,1,50.5,Monthly,Bank Transfer,1,4,0,3,4,0
C0984,47,Female,West,Standard,"""38.75""",7,0,51.5,Monthly,UPI,,5,0,0,4,1
C0985,40,Female,North,Standard,56.38,4,3,44.1,Monthly,UPI,Yes,5,13,0,2,1
C0986,37,Male,Central,Standard,48.24,1,3,51.9,Monthly,Card,Yes,6,0,0,2,0
C0987,26,Female,West,Basic,26.52,16,6,41.7,Monthly,UPI,No,3,5,0,1,1
C0988,57,Female,North,2,47.28,4,0,44,Monthly,UPI,Yes,4,1,2,4,1
C0989,39,Female,Central,Basic,22.23,"""""",5,45.2,Monthly,Card,No,5,15,0,2,0
C0990,32,Non-binary,Central,Premium,81.78,14,0,__77.6__,Monthly,Card,No,4,7,0,3,0
C0991,37,Male,East,Standard,43.59,56,0,42.2,Monthly,UPI,No,8,0,4,3,0
C0992,42,Female,Central,Standard,48.11,14,1,41.8,Monthly,UPI,Yes,4,0,2,2,0
C0993,44,Male,East,Basic,__8.5__,29,6,30,Monthly,UPI,Yes,1,9,4,2,0
C0994,22,Male,South,Standard,41.61,24,4,"""""",Monthly,Card,Yes,7,0,3,2,0
C0995,38,Non-binary,South,Premium,75.38,19,3,33.4,Quarterly,Card,Yes,5,2,2,5,0
C0996,38,Male,Central,Basic,__16.73__,48,8,33.5,Quarterly,Card,1,2,30,0,2,0
C0997,49,Non-binary,North,Basic,12.47,17,9,55.6,Monthly,Card,Yes,3,23,2,3,0
C0998,25,Female,North,Basic,20.21,27,4,36.2,Monthly,Card,No,,9,1,2,0
C0999,36,Male,South,Basic,"""8.5""",18,5,37.8,Quarterly,Bank Transfer,Yes,1,10,0,2,0
C1000,37,Female,East,Basic,14.31,2,7,42.2,Monthly,Bank Transfer,No,4,8,0,2,1
C1001,35,Female,South,Standard,43.05,9,5,37.2,Yearly,Card,No,3,0,1,3,0
C1002,48,Female,North,Standard,50.89,5,1,43.5,Monthly,Cash,Yes,"""""",5,unknown,2,0
C1003,36,Female,South,Basic,21.15,72,7,35.4,Monthly,Card,Yes,2,6,0,2,0
C1004,48,Female,North,Standard,,3,3,30.8,Yearly,Card,Yes,7,7,2,1,1
C1005,"""""",Male,North,1,8.5,18,6,34.4,Monthly,UPI,No,1,29,0,2,1
C1006,19,Male,West,Premium,49.67,53,2,"""74.6""",Monthly,UPI,Yes,6,0,2,3,0
C1007,42,Female,West,Standard,45.8,2,0,53.1,Monthly,Card,Yes,4,3,1,1,0
C1008,38,Female,East,Standard,43.6,12,2,44.6,1,Card,1,5,10,4,3,0
C1009,28,Male,West,Basic,16.77,22,7,"""42.5""",Monthly,Bank Transfer,1,2,23,0,2,1
C1010,37,Male,South,Standard,42.58,4,4,16.8,,UPI,No,4,14,0,2,0
C1011,50,N/A,North,Premium,86.97,10,0,58.3,Monthly,Bank Transfer,No,__7__,0,0,2,1
C1012,36,Female,Central,Basic,19.59,27,1,35.2,Quarterly,UPI,No,5,0,0,3,0
C1013,__34__,Male,Central,Standard,46.49,30,1,61.5,Yearly,Cash,Yes,3,0,0,1,0
C1014,22,Female,West,Standard,35.46,25,5,55.1,Yearly,Card,Yes,7,4,0,2,0
C1015,37,Male,unknown,Standard,33.45,17,0,29.9,Yearly,Bank Transfer,Yes,6,0,1,3,0
C1016,35,Male,Central,Standard,40.44,43,2,37.2,Monthly,UPI,No,4,0,0,1,0
C1017,48,Non-binary,North,Basic,12.19,21,5,26.4,Quarterly,UPI,No,3,13,4,4,0
C1018,35,Female,East,3,65.14,13,3,33.6,Yearly,Cash,No,6,12,2,2,0
C1019,28,Female,Central,Premium,82.55,65,0,72.2,Monthly,Card,Yes,5,0,0,4,0
C1020,40,Female,East,Standard,NaN,2,1,38.1,Monthly,UPI,No,3,0,0,1,0
C1021,47,Male,West,Standard,52.44,1,4,43.8,Quarterly,Card,No,5,3,0,2,0
C1022,32,Male,Central,Standard,38.11,8,1,45.4,3,Bank Transfer,No,6,0,2,3,0
C1023,52,Male,Central,Basic,12.43,15,4,unknown,Monthly,Card,Yes,6,16,1,3,0
C1024,50,Female,South,Premium,90.71,10,1,52.2,Monthly,Bank Transfer,No,6,15,0,2,0
C1025,41,Male,West,1,15.03,72,2,39,Monthly,Card,No,6,0,1,2,0
C1026,45,Female,Central,Standard,41.78,4,2,34.8,Monthly,Card,Yes,5,8,1,3,0
C1027,31,Male,North,Premium,83.63,9,unknown,47.8,Monthly,Card,No,2,20,3,2,1
C1028,39,Female,West,Standard,33.93,12,5,31.1,Yearly,Card,Yes,2,10,0,1,0
C1029,"""""",Male,Central,Basic,8.5,6,3,45.2,Yearly,Card,Yes,5,14,0,2,0
C1030,22,Female,South,Standard,47.54,16,1,28.6,Monthly,Bank Transfer,Yes,5,0,0,3,0
C1031,38,Male,South,Standard,39.6,21,5,46.8,Monthly,Card,No,2,22,0,2,1
C1032,35,Female,Central,Standard,39.39,15,0,49.1,Monthly,Cash,No,8,7,0,3,0
C1033,39,Female,Central,Basic,18.09,3,2,38.8,Monthly,Card,Yes,3,22,1,1,0
C1034,25,Male,West,Basic,21.73,1,5,31.6,Monthly,Card,No,2,32,0,1,1
C1035,33,Female,Central,Basic,23.13,3,6,32.2,Yearly,UPI,No,5,10,0,2,1
C1036,29,Female,South,,79.37,1,4,48.2,Yearly,Card,Yes,7,24,0,3,0
C1037,31,Male,East,unknown,36.25,9,3,45.4,Quarterly,Card,Yes,7,5,3,2,0
C1038,34,Female,Central,Basic,19.82,12,3,40.1,Quarterly,Cash,Yes,6,3,0,1,0
C1039,37,Female,West,Basic,16.71,23,6,19.7,Quarterly,Bank Transfer,Yes,4,15,1,3,0
C1040,44,Male,Central,Standard,37.14,37,0,39.5,Monthly,UPI,Yes,10,0,2,3,0
C1041,34,Male,East,,NaN,26,5,39.7,Quarterly,Bank Transfer,Yes,2,21,0,2,0
C1042,40,Female,South,Premium,72.34,NaN,1,67.1,Yearly,UPI,Yes,10,0,4,3,0
C1043,31,Female,South,Standard,45.25,1,4,30.7,Monthly,Card,Yes,2,16,0,2,0
C1044,28,Male,North,Basic,13.08,23,5,51,Yearly,Cash,Yes,2,7,0,4,0
C1045,38,Male,North,Standard,48.78,23,0,49.6,Monthly,,No,6,5,0,4,0
C1046,36,Female,South,Premium,83.43,39,1,42.2,Quarterly,Bank Transfer,No,8,6,0,1,0
C1047,30,Male,Central,Standard,52.38,13,0,23,Quarterly,UPI,Yes,4,9,0,2,0
C1048,35,Non-binary,East,2,39.36,22,2,37.1,Yearly,UPI,Yes,7,19,4,1,0
C1049,53,Male,South,N/A,72.14,33,0,42.1,Monthly,Card,Yes,10,10,5,4,0
C1050,21,Female,Central,Basic,27.26,4,8,21.5,Quarterly,Bank Transfer,Yes,3,21,1,2,1
C1051,40,Female,West,Standard,42.04,3,4,34,Quarterly,UPI,__value__,5,2,0,2,1
C1052,34,Female,East,Basic,25.41,24,6,35.1,1,Card,No,1,6,1,1,0
C1053,38,Male,East,Basic,8.5,37,1,30.8,Yearly,Card,Yes,7,0,"""""",1,0
C1054,23,Female,Central,Basic,28.72,33,2,62.2,Monthly,Bank Transfer,0,4,8,4,3,0
C1055,21,Female,South,Premium,86.66,1,0,57.2,Monthly,UPI,No,6,17,4,4,0
C1056,30,Male,South,Basic,16.01,3,2,38.5,Quarterly,Card,No,6,0,0,2,0
C1057,33,Female,West,Premium,71.98,2,5,56.5,Monthly,Card,No,1,8,4,4,1
C1058,42,Female,__value__,Standard,40.51,60,0,40.1,Yearly,Card,Yes,10,0,2,1,0
C1059,60,N/A,East,Basic,10.39,7,7,37,Monthly,UPI,No,4,22,0,1,1
C1060,27,Female,East,Basic,8.5,23,4,44.4,Monthly,Card,No,2,12,1,2,0
C1061,59,Female,East,Basic,17.55,3,6,31.4,Monthly,Bank Transfer,No,2,31,3,4,1
C1062,42,Female,Central,Basic,11.66,24,7,44.6,Yearly,UPI,Yes,6,9,1,2,0
C1063,30,Male,Central,Standard,42.94,,3,35.4,Monthly,Bank Transfer,,7,0,1,3,0
C1064,66,Male,Central,Premium,88.66,29,0,63,Monthly,unknown,Yes,5,0,3,4,0
C1065,20,Female,North,,65.14,20,1,64.4,Quarterly,Card,Yes,9,0,0,3,0
C1066,48,Female,Central,Basic,20.42,1,6,38.2,Quarterly,Cash,Yes,1,18,0,1,1
C1067,39,Female,West,Standard,37.91,15,3,62.4,Monthly,Bank Transfer,Yes,4,9,1,2,0
C1068,32,Non-binary,South,Premium,57.06,30,6,NaN,Quarterly,Card,__value__,5,12,0,2,0
C1069,42,Male,East,Standard,50.21,14,3,35.7,Yearly,Card,Yes,5,12,0,2,0
C1070,41,Non-binary,East,Premium,84.46,49,0,53.7,Yearly,Card,Yes,10,NaN,0,1,0
C1071,39,Male,West,__value__,76.9,48,1,43.2,Monthly,Card,1,7,0,0,2,1
C1072,62,Female,East,Basic,21.99,13,4,24.1,Quarterly,Bank Transfer,No,5,12,3,3,0
C1073,63,Male,East,Premium,88.14,22,0,57.7,Quarterly,unknown,No,unknown,9,3,3,0
C1074,34,Female,North,Premium,93.88,20,4,74.6,Yearly,UPI,Yes,NaN,7,3,2,0
C1075,46,Male,South,Premium,77.2,8,3,37.3,Quarterly,Bank Transfer,No,4,18,5,4,1
C1076,30,Male,Central,Standard,43.83,__49__,1,27.6,Monthly,Card,Yes,6,0,2,2,0
C1077,18,Female,,Basic,8.5,41,6,46.5,Monthly,Card,Yes,6,10,2,2,0
C1078,32,Male,South,Premium,85.49,8,0,38.6,Yearly,Card,No,7,,1,3,0
C1079,40,N/A,Central,Premium,76.2,1,4,54.7,Yearly,__value__,1,7,14,0,3,0
C1080,66,Female,South,Standard,25.72,57,0,"""29.8""",Monthly,Bank Transfer,No,5,0,2,2,0
C1081,40,Male,South,Basic,14.18,8,7,"""""",Yearly,Card,Yes,3,22,0,2,0
C1082,25,Female,South,Basic,9.53,5,4,45.3,Monthly,UPI,Yes,2,0,1,2,1
C1083,NaN,Female,West,Standard,26.64,6,4,60.3,Monthly,Card,Yes,7,,0,3,0
C1084,47,Female,Central,Standard,,72,0,"""48.6""",Yearly,Card,No,6,0,1,2,0
C1085,38,Female,North,Premium,86.91,3,0,63.7,1,Bank Transfer,Yes,9,4,4,4,0
C1086,33,Female,Central,Basic,21.95,4,4,34.6,Quarterly,Bank Transfer,No,8,17,1,2,0
C1087,35,Male,North,Standard,42.05,27,0,41.9,Monthly,Bank Transfer,Yes,5,0,0,1,0
C1088,35,Female,North,Standard,38.59,25,2,17.2,Monthly,UPI,No,NaN,1,3,2,0
C1089,47,Male,N/A,Basic,13.03,59,4,44.4,1,Bank Transfer,Yes,4,0,3,3,0
C1090,21,Female,South,Basic,15.44,53,6,42.2,Monthly,Cash,No,3,0,2,1,1
C1091,64,Female,South,Standard,38.73,21,1,23.9,Monthly,Bank Transfer,No,5,17,2,4,0
C1092,27,Female,North,Basic,20.83,23,8,44.9,Monthly,Card,Yes,4,17,1,3,0
C1093,26,Male,West,Standard,53.77,8,2,38.7,Monthly,Card,Yes,6,7,0,1,0
C1094,__29__,Male,West,Premium,62.88,1,4,48.1,Yearly,Card,No,7,11,4,3,0
C1095,29,Male,North,Premium,69.53,5,3,61.9,Monthly,Card,Yes,3,24,4,2,1
C1096,37,Male,West,Premium,58.16,2,0,53.2,Monthly,Card,Yes,7,0,0,2,0
C1097,53,Female,South,Standard,"""40.45""",16,1,49.5,Quarterly,Card,Yes,7,0,0,2,0
C1098,45,Female,South,3,73.8,25,4,47.9,Monthly,UPI,Yes,2,9,2,3,0
C1099,51,Female,North,Standard,38.63,48,3,47.8,Monthly,UPI,Yes,3,0,0,2,0
C1100,37,Non-binary,East,Premium,79.28,66,2,63.2,Monthly,Bank Transfer,Yes,5,3,3,2,0
C1101,55,Female,Central,Standard,49.2,1,3,40.2,Yearly,UPI,Yes,5,0,0,2,0
C1102,32,Non-binary,East,3,62.59,9,2,64.1,,UPI,Yes,8,0,0,3,0
C1103,39,Male,East,Basic,24.27,1,5,39.4,1,UPI,No,6,9,1,1,0
C1104,__49__,Male,West,Basic,28.98,34,6,60.1,Monthly,Bank Transfer,No,5,16,0,1,1
C1105,18,Male,East,Standard,54.32,16,2,65,Yearly,UPI,Yes,6,12,0,2,0
C1106,40,Male,North,1,31.48,,4,28.2,1,Card,Yes,5,7,0,1,0
C1107,27,Male,East,Standard,39.55,4,4,32.6,Monthly,Card,No,6,4,1,2,0
C1108,54,Female,Central,Standard,28.39,8,2,35.3,Yearly,Bank Transfer,Yes,4,14,0,2,1
C1109,36,Female,East,3,77.81,31,2,51.9,Yearly,Card,No,6,0,2,3,0
C1110,39,Male,East,Standard,45.77,34,2,52.4,Quarterly,Card,Yes,6,0,1,3,0
C1111,32,Male,North,Basic,9.23,4,3,34.1,Monthly,UPI,Yes,4,0,2,4,0
C1112,39,Female,Central,Basic,10.82,41,4,34.6,Monthly,Card,No,5,0,0,"""""",0
C1113,36,Male,West,Standard,41.73,32,unknown,33.9,Monthly,Card,Yes,7,6,2,2,0
C1114,25,Female,West,Standard,39.19,28,4,50,Monthly,UPI,Yes,6,12,1,2,0
C1115,66,Male,Central,Standard,35.35,18,2,45.8,Yearly,Bank Transfer,No,4,12,0,4,0
C1116,27,Female,South,Basic,18.96,71,11,32.3,Yearly,Card,Yes,2,11,2,3,0
C1117,45,Female,Central,Basic,"""""",31,8,39.1,Monthly,UPI,Yes,3,16,5,1,1
C1118,34,Male,West,Premium,76.84,6,2,49.2,Monthly,Card,No,5,24,4,4,1
C1119,28,Male,Central,Basic,15.53,1,4,34.5,Monthly,Card,Yes,5,0,1,4,0
C1120,34,Female,West,Basic,20.16,7,1,33.5,Yearly,Bank Transfer,Yes,4,13,2,3,0
C1121,30,Male,North,Standard,49.08,9,4,39.6,Monthly,Bank Transfer,No,7,15,1,2,1
C1122,53,Male,West,Basic,16.25,24,6,45.5,Yearly,Bank Transfer,No,1,23,0,2,0
C1123,25,Female,South,Basic,23.76,11,6,35.5,Yearly,Cash,Yes,3,18,1,1,0
C1124,25,Female,Central,Standard,37.44,5,1,36,Quarterly,Bank Transfer,No,"""""",1,0,1,0
C1125,36,Female,Central,Standard,43.87,4,2,43.9,Monthly,Card,No,6,0,0,4,0
C1126,18,Female,North,Basic,22.92,10,3,37.1,Monthly,Bank Transfer,Yes,3,17,0,1,0
C1127,54,Male,East,Standard,49.81,72,2,51.3,Monthly,Card,Yes,6,1,0,1,0
C1128,30,Male,North,Basic,20.29,19,4,36.2,2,Card,Yes,4,0,0,1,0
C1129,40,Male,South,Standard,46.03,5,3,45.8,Monthly,Bank Transfer,No,7,0,0,1,0
C1130,32,Non-binary,East,Premium,69.95,52,1,61.3,,UPI,N/A,,1,0,2,0
C1131,20,Female,East,Basic,8.53,11,5,63.2,Yearly,Card,Yes,4,1,0,2,0
C1132,31,Female,West,Standard,49.36,5,0,32.7,,__value__,No,7,1,3,4,0
C1133,37,Male,South,Basic,9.33,12,6,43.1,Yearly,Bank Transfer,Yes,2,4,0,3,0
C1134,40,Male,North,Basic,14.79,16,6,__31.7__,Monthly,UPI,Yes,4,14,3,1,1
C1135,38,Female,East,unknown,69.68,36,0,51.3,1,Bank Transfer,No,9,0,1,3,0
C1136,50,Female,East,Standard,36.88,15,3,57,Monthly,Card,Yes,7,1,2,2,0
C1137,41,Female,South,Basic,25.62,6,NaN,49.5,Monthly,Card,Yes,4,24,0,1,0
C1138,29,Female,Central,Premium,64.56,1,3,21.5,Quarterly,UPI,No,4,8,2,1,1
C1139,38,Female,West,Standard,38.74,7,0,43.5,Monthly,Card,Yes,8,11,2,__1__,0
C1140,44,unknown,West,Basic,unknown,4,5,23,Yearly,UPI,Yes,9,31,1,2,0
C1141,44,Non-binary,South,Basic,24.06,1,6,41.5,Monthly,Bank Transfer,No,6,28,1,1,0
C1142,26,Female,Central,Standard,45.23,26,0,63.6,Monthly,Card,Yes,10,4,2,3,0
C1143,39,Male,North,Basic,8.5,23,6,"""38.7""",Monthly,Card,Yes,6,unknown,0,1,0
C1144,51,Female,South,Basic,24.88,39,8,47.3,Quarterly,UPI,Yes,4,5,1,2,0
C1145,26,Male,East,Standard,32.45,18,4,18.6,Monthly,Card,Yes,4,4,2,2,0
C1146,30,Female,North,Basic,18.87,7,10,46.3,Yearly,Card,Yes,1,20,3,2,1
C1147,37,Male,Central,Standard,48.05,2,2,46.8,Monthly,Card,Yes,6,7,0,1,0
C1148,43,Male,North,Standard,29.66,1,2,33.3,Monthly,Bank Transfer,Yes,6,11,3,2,0
C1149,41,Female,North,Standard,48.3,4,3,51.2,Monthly,Card,Yes,4,12,0,2,1
C1150,29,Male,East,Standard,47.48,19,3,35.4,1,UPI,No,5,1,0,,0
C1151,41,Female,West,,"""36.1""",16,1,49.4,Monthly,Card,No,5,0,0,2,0
C1152,42,Female,West,Basic,14.33,22,6,51.1,Quarterly,Card,No,3,3,0,3,0
C1153,34,Female,Central,Basic,22.44,10,6,33.8,Monthly,UPI,Yes,2,6,1,2,1
C1154,59,Female,West,Basic,25.87,3,3,58.1,Quarterly,Card,Yes,2,15,1,3,0
C1155,34,Female,North,Standard,30.36,2,0,28.9,Monthly,Bank Transfer,Yes,7,17,1,3,0
C1156,50,Female,South,Standard,44.83,4,2,37.3,Yearly,Card,No,7,0,0,3,0
C1157,33,Female,Central,Standard,32.35,13,0,55.5,Monthly,Bank Transfer,Yes,6,14,0,4,0
C1158,45,Male,West,Basic,8.5,48,7,33.7,Quarterly,Bank Transfer,No,1,9,3,2,0
C1159,49,Female,North,Standard,32.32,24,2,57.3,Monthly,__value__,No,6,0,1,2,0
C1160,43,Male,South,Premium,76.35,3,1,28,Yearly,Bank Transfer,No,unknown,,3,3,0
C1161,24,Non-binary,East,Standard,48.09,14,0,31.2,Monthly,UPI,Yes,7,11,0,3,0
C1162,35,Male,South,Standard,39.24,14,2,51.9,Yearly,Card,No,6,10,1,3,0
C1163,30,Female,South,Premium,56.87,34,0,,Quarterly,Bank Transfer,Yes,unknown,8,2,4,0
C1164,37,Female,South,Premium,80.74,13,4,42.8,Yearly,Card,No,,19,0,3,0
C1165,60,Female,West,Basic,13.98,11,5,54.7,Yearly,Card,No,6,23,1,1,0
C1166,33,Female,Central,Standard,39.69,5,4,33.7,Quarterly,UPI,Yes,2,32,0,1,1
C1167,47,Male,North,Standard,36.32,18,0,52.6,1,UPI,Yes,9,7,1,4,0
C1168,25,Male,West,Premium,76.78,22,0,65.8,Quarterly,Bank Transfer,Yes,6,0,0,3,1
C1169,33,Female,West,1,__8.5__,56,3,47.7,Monthly,UPI,Yes,6,4,1,3,0
C1170,42,Male,Central,Basic,14.99,11,2,27.4,Quarterly,UPI,Yes,4,"""""",0,1,0
C1171,18,Male,West,Standard,53.11,10,2,41.6,Yearly,Bank Transfer,0,4,8,0,__1__,0
C1172,32,Male,Central,Premium,94.57,34,3,61.2,Monthly,Bank Transfer,No,4,13,0,2,1
C1173,unknown,Female,East,Basic,27.43,1,2,31.6,Monthly,unknown,Yes,6,7,1,2,0
C1174,40,Male,Central,Standard,41.45,2,2,"""35.7""",1,Card,Yes,5,8,2,1,0
C1175,35,Female,Central,Standard,40,18,2,33,Yearly,Cash,Yes,3,16,4,3,0
C1176,35,Male,North,Standard,42.93,23,2,30.3,Quarterly,UPI,No,5,3,2,2,0
C1177,"""""",Male,West,Premium,70.13,20,3,47.7,Monthly,Card,No,8,0,1,2,0
C1178,51,Male,South,Standard,32,40,3,46.8,Yearly,Card,No,8,10,3,3,0
C1179,50,Female,East,Basic,15.13,51,2,54.9,Monthly,Card,1,2,NaN,3,4,0
C1180,45,Male,North,Basic,32.4,5,3,29.1,Monthly,Card,Yes,3,12,0,1,1
C1181,24,Male,North,Premium,68.78,31,0,"""52.0""",Monthly,Card,Yes,6,6,4,4,0
C1182,36,Male,South,Standard,"""41.63""",53,2,39.8,Quarterly,Bank Transfer,No,4,0,0,2,0
C1183,23,Male,East,Standard,39.74,23,1,50.5,Monthly,Bank Transfer,Yes,6,0,1,2,0
C1184,24,Female,West,Basic,17.86,8,9,46.7,Monthly,Card,Yes,1,24,0,2,1
C1185,33,Male,Central,Standard,45.46,35,1,61.7,Yearly,Card,0,5,0,0,2,0
C1186,34,Male,Central,Standard,40.68,5,3,46.7,Monthly,UPI,No,5,22,5,2,0
C1187,49,Female,South,Premium,77.11,15,1,59.2,Monthly,Card,Yes,5,2,1,2,1
C1188,32,Female,South,Premium,67.35,24,0,56.2,Monthly,Card,Yes,8,5,1,3,0
C1189,19,Male,West,Premium,75.28,17,0,69.3,Yearly,Card,No,9,9,2,4,0
C1190,35,Male,Central,Standard,59.35,29,1,36.8,Monthly,Bank Transfer,Yes,4,0,1,4,0
C1191,45,Female,West,Standard,52.7,7,1,57.3,Monthly,UPI,Yes,3,6,4,2,0
C1192,26,Male,East,Premium,77.02,NaN,0,69.2,Monthly,Bank Transfer,No,6,0,2,3,0
C1193,21,Female,North,Premium,68.48,7,0,50.1,Yearly,Bank Transfer,Yes,9,2,1,3,0
C1194,54,Female,South,Standard,35.41,26,5,70.9,Yearly,Card,Yes,5,11,0,2,0
C1195,18,Female,Central,Premium,71.87,13,0,51.9,Yearly,Bank Transfer,No,10,1,1,1,0
C1196,18,Female,West,Standard,NaN,1,1,54.7,Monthly,Bank Transfer,Yes,7,0,0,1,0
C1197,34,Female,North,Standard,41.61,20,3,56.7,Monthly,UPI,Yes,5,NaN,5,3,0
C1198,56,Male,East,Basic,8.5,6,2,47.9,Quarterly,Card,Yes,7,12,1,3,0
C1199,42,Male,West,Basic,22.16,8,3,23,Monthly,Card,Yes,6,6,0,1,0
C1200,30,Male,Central,Basic,15.72,1,4,49.4,Yearly,UPI,No,8,16,1,3,0
C1201,31,Male,Central,Standard,48.82,4,0,60.5,Monthly,Card,Yes,6,2,2,3,0
C1202,24,Female,Central,Standard,"""""",72,0,32.9,Monthly,Card,Yes,9,0,1,4,0
C1203,57,Female,West,Premium,82.83,8,3,47,Yearly,Bank Transfer,Yes,6,6,1,3,0
C1204,36,Female,South,Basic,17.85,3,3,46.8,Yearly,Bank Transfer,Yes,4,0,0,2,0
C1205,20,Female,Central,Standard,34.23,29,0,47.5,2,UPI,No,3,0,2,2,0
C1206,18,Female,Central,Standard,38.4,6,0,67.4,Monthly,UPI,No,NaN,0,1,2,0
C1207,18,Male,West,Premium,79.82,58,5,50.9,__value__,UPI,No,5,0,3,3,0
C1208,23,Male,West,Basic,17.76,12,4,32.5,Monthly,UPI,Yes,4,21,2,2,0
C1209,38,Female,East,Basic,18.07,32,9,19,Monthly,Card,Yes,2,22,2,2,0
C1210,47,Female,Central,Basic,32.18,20,4,42.8,Monthly,Card,Yes,4,0,0,1,1
C1211,38,Non-binary,South,Premium,81.2,19,4,57.6,Quarterly,Card,No,6,20,0,2,0
C1212,35,Female,East,Premium,65.96,16,2,60.1,Monthly,Bank Transfer,Yes,6,11,1,5,0
C1213,39,Male,Central,Basic,26.13,4,3,49.1,Quarterly,Card,Yes,6,16,0,1,0
C1214,38,Female,South,__value__,19.74,30,5,36.6,Monthly,Card,Yes,6,9,0,2,1
C1215,31,Female,Central,Premium,75.14,1,0,57.7,Monthly,UPI,Yes,5,7,3,4,0
C1216,49,Female,West,Standard,"""44.45""",4,6,"""43.7""",Monthly,Cash,No,3,0,1,2,1
C1217,47,Female,North,Standard,22.68,7,0,59.3,,Card,Yes,9,0,3,3,0
C1218,32,Male,Central,Basic,20.68,2,9,32.9,Quarterly,Card,Yes,2,12,2,1,1
C1219,53,Male,East,Basic,19.7,5,6,48.8,Quarterly,Bank Transfer,Yes,1,9,0,1,1
C1220,31,unknown,West,1,8.5,3,4,38.6,Yearly,Bank Transfer,No,8,18,0,2,0
C1221,33,Female,West,Basic,28.66,15,6,17.3,Monthly,Bank Transfer,Yes,3,16,3,2,1
C1222,36,Male,Central,Premium,84.56,68,2,55.3,Monthly,UPI,Yes,5,0,0,4,0
C1223,54,Female,South,Basic,12.43,59,2,26.7,Yearly,Cash,Yes,unknown,7,0,2,0
C1224,47,Female,East,Basic,25.02,4,5,39.3,Monthly,Card,No,1,17,1,2,0
C1225,,Male,North,Basic,18.05,15,2,55.1,Quarterly,Cash,Yes,3,1,3,2,0
C1226,32,Male,West,Premium,73.56,,6,46.5,Monthly,UPI,No,4,11,0,3,1
C1227,25,Female,West,Standard,37.14,18,0,50.9,2,Card,No,10,0,3,2,0
C1228,36,Male,Central,3,80.99,65,0,"""52.4""",Monthly,Card,Yes,9,0,3,4,0
C1229,30,Female,East,Standard,52.72,8,3,52.4,Yearly,Card,Yes,4,0,0,2,0
C1230,37,Male,West,Basic,11.57,52,3,36,Quarterly,UPI,No,4,4,1,2,0
C1231,49,Female,Central,Premium,66.32,22,2,58.4,Monthly,Bank Transfer,No,5,5,3,3,1
C1232,23,Female,East,Premium,88.73,12,2,43.5,Yearly,Card,Yes,8,1,2,3,0
C1233,18,Female,South,Standard,24.9,8,0,36.9,Yearly,Bank Transfer,No,9,0,"""""",3,0
C1234,__39__,Male,South,Basic,19.34,6,4,43,Monthly,Card,Yes,5,13,3,1,0
C1235,48,Non-binary,West,Basic,12.13,2,9,44.1,Yearly,UPI,Yes,3,12,0,4,0
C1236,33,Male,West,Standard,20.6,64,1,48.2,Monthly,Bank Transfer,No,7,0,1,2,0
C1237,36,Female,South,Premium,75.81,7,3,"""""",Monthly,Cash,Yes,7,7,2,4,1
C1238,28,Female,South,Basic,NaN,72,1,40.5,Quarterly,Card,Yes,5,0,1,2,0
C1239,51,Male,West,Premium,71.98,11,3,46.4,2,Bank Transfer,No,4,0,0,2,1
C1240,42,Female,Central,Standard,41.4,72,3,40.3,Monthly,Card,Yes,8,0,4,2,0
C1241,,Male,West,Premium,73.52,17,2,46.9,,UPI,1,3,15,2,2,1
C1242,48,Female,South,Standard,"""50.36""",2,3,47.9,Yearly,Bank Transfer,Yes,5,20,0,4,0
C1243,38,Female,Central,Premium,77.64,14,4,52.5,Yearly,Card,No,8,0,3,4,0
C1244,30,Male,South,1,28.85,1,5,37.3,Quarterly,Cash,Yes,4,8,2,3,0
C1245,33,Male,South,Basic,17.91,22,7,47.6,Yearly,Bank Transfer,No,5,14,0,4,0
C1246,47,Male,North,Standard,37.58,13,5,52.7,Yearly,N/A,Yes,5,0,1,1,0
C1247,47,Female,North,Standard,,6,0,37.6,Yearly,Bank Transfer,Yes,10,0,1,2,0
C1248,31,Male,North,Basic,24.11,47,2,35.6,Yearly,Bank Transfer,Yes,8,6,"""""",1,0
C1249,41,Male,Central,Basic,16.73,18,6,39.5,Yearly,UPI,No,1,1,0,3,1
C1250,40,Male,West,Premium,unknown,15,5,67.4,Monthly,Card,Yes,4,0,2,2,0
C1251,43,Male,East,Basic,18.96,27,5,51.5,Monthly,Cash,Yes,1,4,0,3,0
C1252,29,Male,West,Basic,unknown,30,4,31.6,Monthly,UPI,,7,0,0,3,0
C1253,43,Female,West,Premium,80.49,32,2,54.2,Yearly,Card,Yes,10,0,1,2,0
C1254,48,Female,North,Standard,54.94,NaN,0,37.7,Yearly,Bank Transfer,Yes,10,0,1,1,0
C1255,40,Male,South,Basic,11.58,44,2,53.7,Yearly,UPI,No,6,0,1,1,0
C1256,29,Male,North,Basic,13.28,8,7,19.7,Monthly,Bank Transfer,Yes,5,15,1,1,0
C1257,46,Male,East,1,16.22,27,5,36.3,Yearly,UPI,No,5,,1,3,0
C1258,26,Male,West,Premium,"""74.69""",19,__2__,33.4,Monthly,Card,Yes,7,17,0,3,0
C1259,38,Male,South,Basic,9.69,2,7,47.5,Monthly,Bank Transfer,Yes,2,23,0,1,1
C1260,39,Male,North,Standard,53.73,7,2,NaN,Monthly,Bank Transfer,No,7,0,0,3,0
C1261,50,Male,West,Standard,45.17,10,3,50.9,Quarterly,UPI,No,3,13,2,3,0
C1262,34,Female,South,Premium,70.93,5,0,46.6,Monthly,UPI,Yes,9,15,1,3,0
C1263,59,Female,East,Standard,47.47,50,5,40.2,Monthly,Card,Yes,3,11,3,2,0
C1264,51,Male,South,Standard,38.22,25,4,38.4,Yearly,Bank Transfer,Yes,7,6,0,1,0
C1265,35,Female,West,Standard,32.61,8,4,59,Quarterly,UPI,Yes,5,4,2,1,0
C1266,36,Female,South,1,13.77,4,6,38.3,Monthly,UPI,0,5,3,0,2,0
C1267,42,Female,South,Standard,44.98,15,3,47,Quarterly,Bank Transfer,Yes,2,25,3,1,1
C1268,19,Male,South,Standard,34.66,72,5,38.8,Monthly,Cash,No,5,9,0,2,0
C1269,41,Male,North,Premium,75.49,30,6,64.6,Monthly,UPI,No,2,0,1,3,1
C1270,40,Female,West,Standard,37.62,35,3,32.3,Quarterly,UPI,Yes,5,15,0,1,1
C1271,18,Male,South,Premium,unknown,18,0,33,Monthly,UPI,Yes,6,0,0,1,0
C1272,32,Female,North,Premium,74.13,5,1,46.2,Yearly,UPI,Yes,8,0,0,3,0
C1273,30,Female,East,Premium,76.39,16,1,72,Quarterly,Card,No,4,5,1,3,0
C1274,55,Female,North,Basic,17.47,15,2,20.1,Quarterly,UPI,Yes,,6,2,3,0
C1275,30,Female,East,Basic,31.97,16,6,42.2,Yearly,Card,Yes,4,14,1,3,1
C1276,45,Female,East,Premium,58.81,2,0,42,Yearly,Card,No,7,1,3,2,0
C1277,40,Female,Central,Basic,11.89,27,5,46.9,Yearly,Card,Yes,5,9,0,2,0
C1278,21,Male,East,Standard,39.25,2,2,38.9,Yearly,UPI,Yes,8,0,0,1,0
C1279,37,Male,West,Standard,51.36,16,,45.5,Monthly,Card,No,5,10,1,3,0
C1280,41,Male,West,Basic,8.5,5,3,42.2,Monthly,,No,5,17,0,1,0
C1281,36,Female,North,Premium,78.73,10,0,60,Monthly,Bank Transfer,Yes,6,0,1,5,0
C1282,43,Male,South,Premium,86.66,8,1,61.7,Quarterly,Card,No,7,8,3,2,0
C1283,47,Male,West,Standard,NaN,3,1,33.9,Monthly,Cash,Yes,6,22,0,1,0
C1284,31,Male,North,1,17.05,15,2,42,Quarterly,UPI,Yes,6,12,2,3,0
C1285,30,Female,N/A,Basic,23.97,12,3,38.8,Monthly,Card,Yes,3,0,0,3,0
C1286,36,Female,West,Standard,37.1,unknown,1,unknown,Quarterly,Card,Yes,4,0,0,3,0
C1287,,Male,Central,Basic,"""12.66""",15,7,59.9,Monthly,Card,1,3,2,0,1,0
C1288,34,Male,Central,Standard,46.68,39,1,37.9,Yearly,UPI,Yes,7,6,0,1,0
C1289,24,Male,West,Basic,10.82,10,9,39.8,Yearly,UPI,Yes,1,17,1,3,1
C1290,53,Female,North,2,45.11,2,2,51.9,Monthly,Bank Transfer,1,5,18,2,3,0
C1291,40,Non-binary,Central,Basic,18.09,12,7,42.8,Monthly,Cash,No,,13,4,2,1
C1292,,Female,North,Basic,27.58,8,3,42.9,Monthly,Bank Transfer,Yes,6,13,4,4,0
C1293,38,Female,Central,Basic,14.16,23,6,38.5,Yearly,UPI,Yes,4,28,3,3,0
C1294,21,Male,East,Standard,44.64,10,2,40.1,Yearly,Card,Yes,6,18,2,2,0
C1295,45,Male,Central,Standard,45.01,1,5,51.8,__value__,Bank Transfer,Yes,4,12,2,3,0
C1296,36,Female,South,Basic,24.28,8,5,21.5,Monthly,Card,1,1,2,2,4,0
C1297,31,Female,,Standard,46.17,16,1,53.9,N/A,Bank Transfer,No,6,4,3,2,0
C1298,47,Male,East,Basic,10.04,9,4,50.5,Quarterly,Card,No,3,9,0,2,0
C1299,29,Female,North,Basic,,11,7,36.6,Monthly,Bank Transfer,Yes,1,26,0,2,0
C1300,43,Male,West,Basic,13.74,38,5,29.6,Yearly,UPI,No,4,13,0,1,0
C1301,36,Female,South,Standard,31.59,47,4,59.4,Monthly,Bank Transfer,Yes,4,0,1,1,0
C1302,37,Female,North,Basic,26.21,1,4,29.5,Yearly,Bank Transfer,Yes,7,12,0,2,0
C1303,18,Female,Central,Premium,77.57,4,3,63.6,Yearly,UPI,No,6,0,2,2,0
C1304,30,Female,Central,Premium,77.36,1,0,"""""",Monthly,Card,No,5,0,3,3,0
C1305,22,Male,East,Premium,82.75,34,0,43.2,Monthly,Card,Yes,6,16,0,3,0
C1306,47,Male,West,Basic,8.87,4,5,42.3,Yearly,Bank Transfer,No,5,12,2,4,0
C1307,38,Female,Central,Premium,65.51,48,0,54.8,1,Card,No,7,11,0,3,0
C1308,48,Female,Central,Basic,18.32,10,5,43.4,Quarterly,__value__,No,1,0,3,3,0
C1309,26,Female,North,Basic,40.86,8,0,29.8,Monthly,Cash,No,8,5,0,2,0
C1310,50,Female,East,Basic,17.77,44,5,31.9,Yearly,UPI,No,5,0,1,2,0
C1311,46,Female,North,Basic,23.83,,3,28.7,Quarterly,Card,No,__2__,4,1,2,0
C1312,50,Female,South,Premium,61.66,20,2,53.8,Yearly,UPI,Yes,9,6,4,5,0
C1313,42,Female,Central,Basic,14.3,19,7,24,Monthly,,Yes,1,11,2,4,1
C1314,32,Female,North,Standard,51.32,1,3,51.7,Quarterly,Card,Yes,4,3,0,2,0
C1315,23,unknown,Central,Premium,79.99,9,5,65.3,Monthly,Card,1,1,12,2,4,1
C1316,37,Female,South,2,37.04,39,1,49.3,Yearly,Card,No,6,0,0,2,0
C1317,43,Female,East,Premium,75.19,48,2,58.6,Yearly,Card,No,3,0,2,4,0
C1318,50,Male,West,Standard,42.57,31,1,33.8,Monthly,UPI,Yes,7,0,0,2,0
C1319,35,Male,West,Basic,15.82,26,4,21.8,Yearly,UPI,Yes,7,6,0,3,0
C1320,48,Male,Central,Standard,36.03,13,0,41,Quarterly,Card,No,__8__,0,3,3,0
C1321,41,Male,Central,Basic,8.5,9,3,60.1,Yearly,UPI,No,7,20,2,2,0
C1322,48,Female,South,Basic,"""""",10,7,45.6,Yearly,Bank Transfer,Yes,5,9,4,2,0
C1323,33,Female,Central,Premium,71.13,24,2,63.2,Quarterly,Bank Transfer,0,4,2,0,3,0
C1324,37,Male,East,Standard,40.76,1,5,34.3,Yearly,UPI,Yes,6,23,2,,0
C1325,48,N/A,North,Basic,17.54,1,8,37.7,Yearly,Card,No,3,16,1,1,0
C1326,50,Female,Central,Basic,8.5,7,7,41.6,Quarterly,Card,No,4,8,3,3,0
C1327,29,Male,South,Basic,28.56,1,2,29.6,Monthly,Bank Transfer,Yes,6,6,5,2,0
C1328,41,Female,Central,Premium,73.68,10,4,45.8,Yearly,UPI,No,6,9,3,3,0
C1329,40,Female,South,Standard,39.68,1,0,34.5,Yearly,Bank Transfer,Yes,4,8,0,1,0
C1330,31,Male,East,Standard,57,3,2,48.2,1,Card,0,5,17,2,2,0
C1331,34,unknown,East,Basic,15.57,10,5,22.1,Monthly,Card,No,5,0,0,1,0
C1332,29,Male,South,Basic,17.49,4,3,76.7,Monthly,Bank Transfer,Yes,6,unknown,0,2,0
C1333,32,Male,North,Premium,77.12,39,1,42.2,Monthly,UPI,No,6,0,4,3,0
C1334,41,Female,South,Premium,74.46,17,3,58.1,Monthly,Card,No,8,12,1,3,0
C1335,52,Male,West,Basic,24.23,23,2,NaN,Monthly,Bank Transfer,No,7,6,0,2,1
C1336,37,Male,East,Basic,33.03,7,0,34.2,Yearly,Card,No,7,0,2,3,0
C1337,27,Male,North,Basic,13.77,9,6,27.9,Quarterly,Card,,3,2,0,2,0
C1338,46,Male,West,Basic,28.34,11,1,28.7,Quarterly,Card,Yes,7,23,0,1,0
C1339,60,Female,West,Standard,44.26,13,4,37.9,Yearly,Card,Yes,8,5,0,1,0
C1340,34,Female,East,Premium,,,3,73.8,Monthly,Card,Yes,4,17,1,3,1
C1341,31,Male,Central,Standard,45.04,1,5,,Quarterly,Card,Yes,4,33,0,1,0
C1342,31,Female,North,Premium,79.89,21,1,48.4,Quarterly,Card,Yes,8,4,5,4,0
C1343,37,Female,West,Premium,81.37,72,3,61.6,Monthly,UPI,Yes,6,0,2,3,0
C1344,36,Male,West,Premium,68.24,43,6,__53.4__,Monthly,Card,No,5,9,1,3,0
C1345,33,Female,North,Standard,45.05,11,3,,Quarterly,Card,Yes,6,9,2,4,0
C1346,47,Male,East,Basic,19.37,,5,28.6,Monthly,Bank Transfer,No,4,15,0,1,1
C1347,53,Male,South,Premium,__78.89__,12,6,"""39.2""",Yearly,Bank Transfer,Yes,4,26,2,3,0
C1348,22,Female,East,Basic,,2,2,36,Monthly,Bank Transfer,1,4,1,0,3,0
C1349,22,Male,South,Standard,61.64,21,3,51.6,Monthly,Card,Yes,10,4,0,3,0
C1350,32,Male,East,Standard,49.81,19,2,17.8,Monthly,Card,Yes,7,3,0,2,0
C1351,35,Male,North,Standard,39.28,30,1,45.1,Monthly,Bank Transfer,Yes,7,7,1,3,0
C1352,33,Male,East,Standard,40.88,9,5,52.3,Quarterly,Cash,Yes,7,15,3,4,0
C1353,28,Female,West,Standard,,25,1,58.4,Quarterly,Bank Transfer,Yes,7,6,2,1,0
C1354,27,Male,North,Basic,10.66,12,5,11.8,Yearly,UPI,No,5,8,0,4,0
C1355,42,Male,East,Standard,45.02,5,3,NaN,Quarterly,Bank Transfer,Yes,NaN,5,0,1,0
C1356,58,Female,East,Basic,22,4,2,__53.7__,Yearly,Card,No,6,1,0,3,0
C1357,35,Female,East,Standard,36.49,1,2,,2,Card,No,8,11,2,4,0
C1358,34,Male,__value__,2,,14,2,40.5,Quarterly,Card,Yes,8,13,1,2,0
C1359,47,Male,Central,Standard,37.59,5,3,39.8,Monthly,UPI,No,6,8,2,3,0
C1360,23,Female,West,Standard,32.14,12,2,45.7,Yearly,Bank Transfer,No,8,2,1,3,0
C1361,29,Male,South,Basic,19.91,1,4,36.6,Monthly,Card,No,7,19,0,1,0
C1362,59,Male,West,Standard,47.65,26,0,41.5,Monthly,Card,No,7,0,2,,0
C1363,20,Female,East,Standard,50.14,29,6,32.6,3,Cash,No,4,20,0,3,0
C1364,56,Non-binary,Central,Standard,NaN,25,3,26.6,Yearly,Bank Transfer,Yes,4,0,0,2,0
C1365,33,Female,Central,Standard,48.37,20,3,50.2,Yearly,Card,Yes,6,0,0,3,0
C1366,44,Female,Central,Premium,83.41,2,2,49.7,Quarterly,Bank Transfer,Yes,5,9,4,4,0
C1367,29,Male,South,Premium,57.97,65,1,NaN,Monthly,Card,No,5,0,1,1,0
C1368,49,Female,South,Premium,78.77,3,0,"""58.9""",Quarterly,Card,No,8,1,2,3,0
C1369,44,Female,Central,Standard,41.58,10,0,48.2,2,Cash,No,4,14,0,3,0
C1370,34,Male,Central,Basic,31.72,1,1,24.8,unknown,Card,Yes,6,3,2,2,0
C1371,40,Male,East,Standard,44.7,21,0,46.9,Monthly,Cash,No,5,15,0,3,1
C1372,45,Male,North,Basic,16.7,9,2,45.9,Yearly,UPI,No,6,9,2,3,0
C1373,42,Male,East,Basic,21.08,27,3,34.7,Monthly,Card,No,6,15,6,1,1
C1374,40,Female,North,Standard,26.97,11,4,38.1,Monthly,Bank Transfer,No,4,31,0,2,1
C1375,39,Male,Central,Standard,35.12,5,5,38.7,Monthly,Card,Yes,2,9,0,2,0
C1376,18,Female,Central,Premium,65.84,3,1,86.8,Quarterly,Card,Yes,4,0,0,5,0
C1377,25,Female,West,Basic,28.89,13,7,38.8,Monthly,Bank Transfer,Yes,3,18,0,3,0
C1378,52,Male,South,Standard,45.28,6,4,58.8,Yearly,UPI,No,4,"""""",1,2,0
C1379,19,Male,East,Basic,8.5,5,unknown,"""""",Monthly,Card,Yes,4,17,3,2,1
C1380,51,Non-binary,Central,Standard,34.26,5,0,41.9,Monthly,Bank Transfer,No,5,3,0,2,1
C1381,,Female,South,Premium,77.88,11,2,43.1,Monthly,UPI,No,6,14,0,3,1
C1382,43,Female,West,Standard,34.97,34,3,69.2,unknown,Card,Yes,7,0,1,2,0
C1383,48,Female,East,Premium,86.22,15,0,,Yearly,Cash,No,8,10,4,5,0
C1384,18,Male,South,Premium,61.37,5,,40.8,Monthly,N/A,0,3,15,3,2,0
C1385,21,Female,West,Premium,78.83,16,1,49.7,Yearly,Bank Transfer,Yes,__8__,12,6,4,0
C1386,34,Male,South,Standard,40.39,2,0,unknown,2,Bank Transfer,Yes,4,5,0,1,0
C1387,24,Female,West,2,39.07,14,5,19.4,Quarterly,Card,Yes,2,6,2,4,0
C1388,24,Male,North,2,35.2,30,6,55.3,2,Bank Transfer,No,5,0,3,3,0
C1389,57,Male,West,Basic,20.49,26,5,40.1,Monthly,Bank Transfer,Yes,3,11,0,1,0
C1390,"""""",Female,West,Standard,48.37,17,1,42.7,Quarterly,Card,Yes,3,9,2,1,0
C1391,44,Male,West,Basic,,13,5,45.8,Monthly,UPI,No,4,20,unknown,2,0
C1392,30,Male,South,Standard,52.92,14,0,30.9,Quarterly,Bank Transfer,No,6,5,0,3,0
C1393,46,Male,West,Premium,73.78,19,1,36.2,Yearly,Cash,No,8,0,1,3,0
C1394,37,Female,Central,Basic,8.5,1,2,24.2,1,Bank Transfer,1,6,3,4,2,0
C1395,28,Male,West,Standard,49.5,7,7,23.3,,Bank Transfer,0,7,9,2,2,0
C1396,33,Female,South,Premium,80.1,8,4,49.4,Quarterly,Card,No,3,,2,4,0
C1397,38,Male,Central,Premium,69.59,8,0,66.7,Monthly,Card,No,7,10,0,5,0
C1398,22,Male,South,Standard,38.53,29,4,42.8,Monthly,Card,Yes,3,10,1,2,0
C1399,24,Female,West,Basic,13.6,49,6,38.2,Monthly,Card,Yes,4,12,0,2,0
C1400,55,Male,North,Basic,24.61,26,6,26.6,Monthly,UPI,No,3,24,0,1,1
C1401,"""""",Female,South,Standard,37.82,7,1,35.6,Monthly,Cash,No,3,15,0,4,1
C1402,34,Female,South,Basic,8.5,40,unknown,47.4,Monthly,UPI,unknown,unknown,18,6,3,0
C1403,44,Female,North,Basic,14.72,35,7,52.2,Yearly,Card,No,8,13,2,3,0
C1404,39,Male,North,Basic,26.22,36,3,34.8,Quarterly,Card,Yes,5,6,1,3,0
C1405,45,Male,East,Standard,44.61,7,3,,Monthly,Bank Transfer,Yes,5,0,3,3,0
C1406,35,Female,East,Basic,,26,3,31.5,Monthly,UPI,Yes,7,11,4,3,0
C1407,49,Male,South,,37.1,8,5,47.6,Monthly,Cash,No,5,0,0,3,0
C1408,47,Male,North,Basic,"""33.93""",,5,39.7,Yearly,Card,No,4,1,0,2,0
C1409,33,Female,Central,Standard,45.08,14,0,36.9,Monthly,UPI,Yes,8,1,2,3,0
C1410,42,Female,East,Standard,__44.95__,2,1,28.3,Yearly,Card,Yes,8,6,3,3,0
C1411,23,Female,North,Standard,47.9,15,,40.2,Quarterly,Card,Yes,5,7,1,1,0
C1412,18,Male,West,Premium,70.47,20,2,73.5,1,Cash,1,5,4,3,3,1
C1413,48,Male,East,Premium,72.83,1,0,72.4,Monthly,UPI,Yes,7,2,1,3,0
C1414,36,Female,North,1,__31.09__,36,3,45.1,Yearly,Bank Transfer,Yes,7,0,2,2,0
C1415,31,Male,East,Basic,15.34,20,7,49.4,Quarterly,Card,Yes,3,8,0,2,1
C1416,37,Male,West,Premium,79.9,NaN,2,61.5,Quarterly,Card,No,5,1,2,4,0
C1417,38,Male,North,Basic,11.34,16,3,unknown,Monthly,Card,No,6,5,1,1,0
C1418,53,Male,Central,Standard,33.65,18,3,52.4,Monthly,Card,No,4,13,0,3,0
C1419,__26__,Male,West,Premium,88.47,9,2,"""69.2""",Monthly,UPI,Yes,7,12,3,3,0
C1420,27,Male,West,Standard,38.22,54,4,35.9,Quarterly,Bank Transfer,Yes,2,0,0,1,0
C1421,47,Female,South,1,10.85,5,8,30.2,Monthly,Cash,Yes,4,24,2,3,0
C1422,61,Female,Central,Premium,67.09,8,2,69.2,Monthly,Card,No,5,19,1,3,0
C1423,45,Female,,Standard,50.25,26,2,22.2,Monthly,Card,No,4,0,3,4,0
C1424,__41__,Male,North,Standard,50.41,5,2,44.3,Quarterly,UPI,0,7,4,0,1,0
C1425,NaN,Female,West,Standard,41.11,16,6,61.2,Yearly,Card,Yes,5,0,0,2,0
C1426,46,Non-binary,South,Basic,8.5,22,4,50.3,Yearly,Card,Yes,8,21,3,1,0
C1427,48,Female,Central,Premium,75.57,2,1,47.7,Monthly,UPI,No,5,5,0,4,1
C1428,31,Male,South,Standard,"""32.79""",1,3,39.8,Monthly,UPI,Yes,3,20,0,2,0
C1429,37,Male,East,Premium,71.71,5,4,47.3,Monthly,UPI,No,4,28,1,5,1
C1430,35,Male,North,Premium,71.79,13,2,57.7,Monthly,Bank Transfer,Yes,7,5,0,2,0
C1431,37,Male,South,Premium,72.53,1,0,50.2,Monthly,Card,Yes,10,0,2,3,0
C1432,45,Male,South,Basic,19.64,41,6,,Monthly,Card,Yes,3,13,2,3,0
C1433,54,Female,North,__value__,26.66,15,6,44,Monthly,UPI,No,4,9,3,1,1
C1434,"""""",Female,South,Basic,8.5,12,6,unknown,Yearly,Bank Transfer,No,4,18,2,1,0
C1435,27,Female,North,Standard,57.97,17,4,38.6,Monthly,Bank Transfer,Yes,2,17,1,4,1
C1436,48,Female,__value__,2,37.36,9,3,3,Monthly,Bank Transfer,Yes,5,11,0,1,0
C1437,31,N/A,South,Basic,25.18,10,5,50.9,Monthly,Card,No,2,14,1,2,1
C1438,18,Female,West,Standard,43.23,17,0,33.3,Yearly,Card,Yes,7,12,2,2,0
C1439,26,Female,East,Standard,49.83,8,1,32.2,Monthly,UPI,Yes,9,24,0,2,0
C1440,32,Female,West,Basic,20.73,6,6,31.6,2,Card,No,3,10,1,2,0
C1441,18,Male,South,Basic,16.84,28,1,40.3,,Card,No,,0,1,2,0
C1442,55,Female,Central,Basic,15.64,12,6,51.8,Monthly,Card,No,4,19,0,2,0
C1443,34,Female,South,Standard,51.69,8,0,32.9,Monthly,Card,Yes,6,0,0,2,0
C1444,40,Female,East,Standard,29.76,32,3,38.1,Monthly,UPI,N/A,7,15,0,2,0
C1445,40,Male,East,Premium,66.72,15,5,57.5,Monthly,Card,No,5,11,2,3,1
C1446,54,Male,North,,27.76,37,4,54.3,Yearly,Card,No,5,16,1,1,0
C1447,39,Male,Central,Standard,43.58,47,2,,Yearly,Bank Transfer,No,3,,0,1,0
C1448,39,Male,Central,Standard,30.25,23,2,66.1,Monthly,UPI,No,9,3,0,1,0
C1449,40,Male,North,Standard,31.53,__6__,0,33.8,Yearly,Bank Transfer,Yes,__6__,0,0,2,0
C1450,35,Male,North,Basic,17.63,10,5,52.8,Monthly,unknown,Yes,3,16,0,3,0
C1451,28,Female,North,Basic,15.51,5,,41.6,Monthly,Card,No,1,4,NaN,3,0
C1452,18,Male,North,Standard,42.12,21,2,47.5,1,unknown,Yes,6,0,0,2,0
C1453,32,Female,Central,Basic,23.26,14,4,49.2,Yearly,Cash,Yes,7,0,0,2,0
C1454,29,Female,South,Standard,43.75,18,0,54.7,Monthly,Cash,No,5,12,1,1,0
C1455,32,Male,West,Basic,35.32,43,4,27.1,Monthly,Card,Yes,5,8,1,3,0
C1456,18,Female,East,Standard,38.46,17,3,34.9,Monthly,UPI,No,,26,2,1,0
C1457,42,Male,North,,21.99,28,5,39.5,Monthly,Card,No,6,11,0,1,0
C1458,24,Female,North,Basic,18.61,1,4,"""25.6""",Monthly,Card,Yes,3,25,0,1,1
C1459,36,Female,North,Standard,34.54,16,0,25.7,Monthly,Card,No,6,0,1,2,0
C1460,29,Female,Central,Standard,34.69,7,,,Monthly,Card,Yes,6,0,2,2,0
C1461,35,Male,West,Premium,71.43,11,0,59.6,Monthly,Card,Yes,8,0,5,5,0
C1462,51,Male,Central,Basic,24.43,20,6,25.8,Monthly,Card,No,1,23,0,1,1
C1463,44,Male,South,Basic,8.5,4,2,42.7,Quarterly,Card,Yes,6,0,0,3,0
C1464,40,Male,South,Standard,40.24,4,7,46.7,Monthly,UPI,No,3,33,0,1,1
C1465,35,Male,West,Basic,15.02,20,3,41.1,Quarterly,Card,Yes,8,1,3,3,0
C1466,32,Female,East,Premium,67.47,46,2,57.3,Yearly,Bank Transfer,Yes,5,6,1,2,0
C1467,18,Male,East,Basic,22.8,3,5,48.9,Yearly,Card,No,5,35,0,2,0
C1468,27,Male,Central,Standard,47.92,7,1,44.7,Yearly,Bank Transfer,unknown,7,3,0,2,1
C1469,32,Female,East,Basic,20.18,48,5,36,Quarterly,UPI,No,4,0,0,1,0
C1470,35,Female,Central,Standard,29.57,6,5,25.4,Monthly,Bank Transfer,Yes,6,2,1,2,0
C1471,33,Female,North,Basic,27,8,2,42.1,Yearly,Card,Yes,4,6,1,2,0
C1472,32,Male,Central,Standard,39.25,53,3,40.7,Monthly,Bank Transfer,No,5,3,0,1,0
C1473,34,Male,West,Basic,10.15,4,3,29.3,Yearly,UPI,No,6,9,1,2,0
C1474,"""""",Female,Central,Basic,30.1,46,7,54.7,Yearly,UPI,Yes,__5__,8,2,1,0
C1475,49,Female,Central,Standard,38.88,13,2,,Monthly,Card,Yes,4,0,0,3,0
C1476,46,Male,West,Basic,25.63,23,9,46.8,Monthly,Bank Transfer,No,4,23,1,2,1
C1477,37,Male,East,Basic,17.78,3,2,61,Quarterly,UPI,No,__5__,7,3,2,0
C1478,37,Male,North,Basic,8.5,2,5,50.9,Monthly,Bank Transfer,Yes,4,22,0,2,1
C1479,29,Male,East,Standard,34.77,4,unknown,40.5,Yearly,Bank Transfer,Yes,unknown,9,2,1,0
C1480,58,Male,West,Premium,unknown,20,0,62.5,Quarterly,Bank Transfer,Yes,6,0,3,4,0
C1481,50,N/A,North,Standard,40.85,12,3,31,Quarterly,UPI,Yes,5,17,0,2,0
C1482,65,Female,unknown,Basic,21.71,8,2,37.9,Monthly,Bank Transfer,Yes,4,14,1,3,0
C1483,38,Male,West,Standard,32.53,3,0,45.8,Monthly,Bank Transfer,Yes,5,19,2,2,0
C1484,37,Female,South,Basic,17.46,28,4,46.4,unknown,Card,No,3,13,0,1,1
C1485,24,Male,East,Basic,27.5,14,7,36.2,Yearly,Card,Yes,6,0,4,3,0
C1486,49,Male,West,Standard,51.06,5,4,25.1,3,UPI,Yes,9,0,4,4,0
C1487,40,N/A,Central,Premium,__78.23__,4,2,49.7,Monthly,Card,Yes,7,0,1,3,0
C1488,18,Non-binary,East,Standard,"""""",12,3,26.7,Yearly,Card,No,8,0,1,2,0
C1489,NaN,Male,Central,Standard,,27,0,49,,Bank Transfer,No,4,14,2,4,1
C1490,29,Male,East,Premium,69.94,72,0,65.9,Monthly,Bank Transfer,Yes,6,0,2,3,0
C1491,54,Male,East,Standard,40.75,12,__2__,45,Monthly,Bank Transfer,No,8,17,0,3,0
C1492,52,Female,West,Basic,23.3,13,6,48.1,Quarterly,Card,Yes,,,0,2,0
C1493,38,Female,South,Basic,24.5,41,4,37.9,Quarterly,Bank Transfer,1,4,12,2,2,0
C1494,22,Female,South,Premium,63.34,1,3,78.6,Yearly,UPI,No,4,16,2,3,0
C1495,26,Female,South,3,88.71,13,2,54.1,Yearly,UPI,No,6,4,1,3,0
C1496,36,Male,Central,Basic,8.5,27,4,61.1,Monthly,Card,No,5,,0,1,0
C1497,32,Female,South,Basic,25.56,23,5,34.4,Monthly,UPI,Yes,4,11,1,1,1
C1498,31,Male,East,Premium,76.37,14,4,56.7,Yearly,Card,No,5,17,3,2,0
C1499,30,Male,East,Standard,31.82,19,1,44.1,Yearly,Card,Yes,6,0,1,2,0
C1500,28,Male,Central,Basic,"""10.72""",12,4,33,Monthly,N/A,1,4,7,3,1,1
C1501,28,Male,South,Basic,26.2,18,3,41.4,Monthly,Bank Transfer,No,7,12,2,3,0
C1502,27,Male,East,Standard,36.38,26,5,53,Monthly,UPI,Yes,"""""",11,2,1,0
C1503,47,Male,Central,2,39.87,20,1,45.4,,UPI,No,8,18,2,3,0
C1504,24,Female,North,Standard,45.82,21,0,45.6,Yearly,Cash,Yes,9,17,0,1,0
C1505,27,Female,South,Premium,69.34,16,3,59.3,Quarterly,Bank Transfer,Yes,4,19,0,3,0
C1506,42,Female,Central,Basic,unknown,1,8,47.6,Yearly,Card,Yes,6,7,0,3,0
C1507,55,unknown,East,Premium,81.34,8,4,60.5,Monthly,Card,No,4,11,3,3,1
C1508,35,Male,South,Standard,37,11,3,30.3,Quarterly,Cash,No,3,0,0,2,1
C1509,44,Male,Central,Basic,12.92,18,3,41.5,Yearly,Card,No,5,4,1,3,0
C1510,20,Female,North,Basic,8.93,40,10,"""41.8""",Quarterly,Card,Yes,,NaN,0,3,1
C1511,32,Male,West,Premium,65.02,24,2,55.9,Yearly,Bank Transfer,No,9,8,2,4,0
C1512,18,Female,West,1,8.5,23,2,38.1,Monthly,Bank Transfer,Yes,"""""",10,0,1,0
C1513,60,Female,West,Basic,8.5,38,,57.8,Monthly,Card,Yes,3,3,2,2,0
C1514,31,Male,West,Basic,20.04,70,6,28.9,Monthly,Card,No,2,7,0,2,0
C1515,35,Female,West,Standard,46.56,17,2,61.8,Monthly,Card,No,3,12,0,3,0
C1516,38,Male,North,Basic,8.5,23,3,"""""",1,Card,No,6,7,3,5,0
C1517,38,Male,South,Premium,77.31,13,5,75.6,Monthly,unknown,No,2,0,4,4,1
C1518,28,Non-binary,North,Basic,21.41,unknown,4,26.5,Monthly,Card,No,5,7,1,3,1
C1519,49,Female,South,Premium,69.16,25,0,"""""",Monthly,Card,No,7,0,2,4,0
C1520,43,Male,West,__value__,74.81,3,0,__60.6__,Yearly,UPI,Yes,7,0,0,3,0
C1521,32,Male,North,Basic,11.36,26,8,NaN,Yearly,Bank Transfer,No,3,18,0,1,0
C1522,25,Male,West,Standard,52.48,47,0,48.2,Monthly,Card,Yes,6,3,3,3,0
C1523,26,Male,West,Standard,28.89,26,2,22.9,Monthly,Card,No,7,4,4,4,0
C1524,35,Female,North,Standard,42.85,5,0,34.9,Monthly,UPI,No,3,NaN,0,2,1
C1525,28,Female,Central,Standard,52.85,45,4,52.7,Quarterly,Bank Transfer,No,5,7,1,1,0
C1526,40,Female,North,,8.5,8,8,33.7,Quarterly,Card,Yes,3,10,0,3,1
C1527,44,Male,East,Basic,29.44,9,,49,Monthly,Bank Transfer,Yes,4,20,0,1,1
C1528,55,Male,East,Basic,25.95,39,1,59.3,Monthly,Card,No,,18,1,2,0
C1529,32,Female,North,Premium,82.4,50,0,47.3,Yearly,Card,Yes,4,3,0,3,0
C1530,23,Female,West,Basic,NaN,18,6,52.8,Monthly,Bank Transfer,Yes,3,19,0,2,1
C1531,42,Female,West,Standard,42.73,11,"""""",62.5,Quarterly,UPI,Yes,6,2,0,2,0
C1532,39,__value__,Central,1,21.81,13,1,26.8,Quarterly,Card,Yes,8,6,0,2,0
C1533,38,Male,Central,Premium,88.86,28,1,70.3,Monthly,Card,,3,0,2,4,0
C1534,59,Female,South,Standard,46.64,2,3,34.3,Monthly,Card,Yes,4,9,2,2,0
C1535,46,Male,Central,Standard,54.46,21,5,49.3,Monthly,Card,No,2,17,3,2,0
C1536,30,Female,South,Standard,31.53,"""""",0,44.8,Quarterly,Bank Transfer,Yes,7,3,0,2,0
C1537,39,Female,North,Standard,__43.51__,11,1,52.2,Yearly,UPI,No,8,0,2,3,0
C1538,41,Female,North,Standard,43.88,29,1,49.8,Monthly,Bank Transfer,Yes,5,unknown,2,1,0
C1539,28,Male,North,Standard,42.05,21,0,41.9,Yearly,Card,Yes,10,7,2,1,0
C1540,18,Male,West,Basic,12.83,2,1,35.8,Monthly,Card,No,,10,0,1,0
C1541,34,Male,East,Premium,82.6,40,3,63.6,Quarterly,Card,No,7,12,1,3,0
C1542,33,Male,Central,,15.35,17,8,38.9,Monthly,Cash,Yes,4,17,0,3,0
C1543,18,Female,South,Basic,8.5,15,5,__40.5__,Monthly,Card,No,5,8,0,1,1
C1544,20,Female,South,Standard,60.06,23,3,39.5,Quarterly,,Yes,4,13,4,3,1
C1545,__36__,Female,North,Standard,29.84,4,0,41.2,Monthly,Card,Yes,8,12,2,1,0
C1546,"""""",Female,Central,Standard,34.53,29,1,25.8,Yearly,Bank Transfer,Yes,5,0,1,2,0
C1547,41,Male,West,,77.56,72,0,68.2,Quarterly,Bank Transfer,Yes,10,0,1,unknown,0
C1548,25,Female,West,Premium,56.56,2,0,65.3,Monthly,Bank Transfer,No,7,0,3,5,0
C1549,28,Male,West,Premium,78.34,13,5,63.9,Monthly,,No,2,0,3,4,0
C1550,35,Male,North,Standard,38.28,10,0,42.3,2,Card,Yes,7,0,0,2,0
C1551,50,Female,East,Standard,47.13,26,5,45.5,Yearly,Card,No,2,2,0,3,0
C1552,30,Non-binary,South,Standard,49.01,45,0,35.8,Monthly,UPI,No,7,8,1,3,0
C1553,30,Male,Central,Standard,49.19,4,0,34,Quarterly,UPI,No,8,0,4,1,0
C1554,50,Male,South,Standard,49.72,1,1,31.3,Quarterly,Card,Yes,7,0,0,2,0
C1555,22,Female,North,Premium,83.85,30,0,46.3,Quarterly,UPI,No,5,0,1,2,0
C1556,31,Male,North,Standard,40.97,25,1,37.5,Monthly,Bank Transfer,No,7,13,1,2,0
C1557,57,Male,Central,Standard,48.45,50,0,unknown,Monthly,Bank Transfer,Yes,6,0,2,2,0
C1558,26,Female,North,Standard,31.63,14,3,24.3,Yearly,Card,No,6,22,0,2,1
C1559,40,Female,East,Basic,15.69,7,9,35.8,Monthly,Bank Transfer,No,3,26,2,1,1
C1560,27,Male,North,Basic,12.9,24,4,42.8,Monthly,Cash,Yes,5,1,0,3,0
C1561,34,Male,North,Basic,15.99,32,7,55.9,Yearly,UPI,No,1,13,0,2,0
C1562,37,Male,West,N/A,16.16,6,5,26,Monthly,Bank Transfer,Yes,1,17,0,2,0
C1563,21,Female,South,1,9.88,9,4,39,Monthly,UPI,No,5,23,2,1,0
C1564,NaN,Female,South,Basic,24.1,9,4,29.3,Monthly,Card,N/A,4,21,0,1,1
C1565,31,,Central,1,18.64,42,5,43.8,Monthly,UPI,No,5,12,0,1,0
C1566,43,Male,East,Basic,23.32,31,9,42.7,Monthly,UPI,Yes,4,9,0,1,1
C1567,,Female,North,Basic,17.17,11,8,27.3,Monthly,Card,Yes,5,26,0,2,0
C1568,41,Male,Central,Premium,65.79,8,3,63.2,Monthly,Cash,No,5,0,0,3,0
C1569,23,Female,East,Standard,46.56,10,4,51.6,Yearly,Card,No,7,0,2,3,0
C1570,39,Female,Central,Basic,18.91,55,4,15.1,Monthly,Card,No,2,11,2,2,0
C1571,18,Female,West,Standard,41.38,7,0,35.2,Monthly,Card,Yes,9,0,0,1,0
C1572,66,Female,East,Standard,44.56,1,1,51.5,Yearly,Bank Transfer,No,5,8,2,3,0
C1573,52,Male,West,Premium,66.71,14,3,61.8,Monthly,Card,Yes,5,10,4,2,0
C1574,65,Male,South,Standard,20.5,38,0,74.8,Monthly,Card,,5,0,1,3,0
C1575,48,Male,Central,Basic,9.21,1,5,38.8,Monthly,UPI,Yes,2,10,"""""",3,0
C1576,46,Female,East,Basic,18.06,37,4,29.2,Monthly,UPI,Yes,5,13,3,4,0
C1577,39,Male,Central,Basic,24.65,13,2,31,Quarterly,Card,Yes,5,2,1,3,0
C1578,18,Female,West,Premium,77.24,33,3,47.1,Yearly,Bank Transfer,No,7,11,2,4,0
C1579,20,Female,Central,Premium,72.06,17,,45.6,1,UPI,Yes,5,13,2,4,0
C1580,29,Female,West,Standard,51.19,28,5,25.4,Yearly,UPI,Yes,3,13,0,2,0
C1581,49,Male,North,Basic,15.63,11,5,45.2,Monthly,Bank Transfer,Yes,4,9,0,1,0
C1582,57,Female,West,Basic,22.5,8,3,40.9,Monthly,Card,Yes,8,5,0,1,0
C1583,60,Female,South,Premium,69.93,11,5,"""56.1""",Yearly,UPI,No,7,12,3,2,1
C1584,44,Male,East,Premium,77.21,2,0,,Monthly,Bank Transfer,Yes,6,8,0,2,0
C1585,43,Female,East,Standard,61.94,2,1,29.4,Monthly,Card,No,5,0,0,1,0
C1586,27,Female,West,Standard,37.95,3,"""""",30.1,Quarterly,Card,Yes,5,0,0,2,0
C1587,41,Male,South,Standard,46.99,4,0,46.2,Monthly,Card,Yes,7,14,1,2,0
C1588,32,Male,West,Basic,22.42,__7__,3,61.9,Monthly,Bank Transfer,Yes,2,16,0,2,1
C1589,35,Male,,Basic,21.97,2,8,"""32.2""",Quarterly,UPI,Yes,1,21,3,1,1
C1590,36,Female,West,Basic,8.5,37,,unknown,Monthly,Cash,No,7,8,2,2,0
C1591,34,Male,East,Standard,61.13,2,2,56.4,Monthly,Bank Transfer,No,5,0,0,1,0
C1592,22,Female,North,Premium,65.05,64,0,50.4,Monthly,Bank Transfer,No,8,0,1,4,0
C1593,42,Female,East,Standard,57.08,56,5,53.4,Yearly,UPI,No,6,2,0,3,0
C1594,28,Male,South,Basic,8.5,17,3,50.2,Yearly,Cash,No,7,0,1,2,0
C1595,29,Male,North,1,18.91,10,,45.1,Yearly,Card,Yes,6,12,NaN,3,0
C1596,33,Female,North,Premium,83.37,18,3,46,Quarterly,Card,No,4,16,2,2,0
C1597,25,Male,Central,Standard,64.36,4,1,38.5,Yearly,UPI,No,7,7,0,2,0
C1598,36,Male,North,Premium,71.29,25,4,51.8,Quarterly,Card,No,7,0,1,2,0
C1599,36,Male,Central,Basic,32.35,32,6,37.6,Monthly,UPI,Yes,3,7,1,1,0
C1600,32,Female,East,2,45.05,29,1,24.2,Monthly,Bank Transfer,Yes,7,0,3,2,0
C1601,37,Male,South,Basic,8.5,1,8,36,Yearly,Card,Yes,2,21,1,1,0
C1602,43,,South,Premium,"""80.86""",31,0,85.8,3,UPI,Yes,NaN,0,4,3,0
C1603,50,Male,South,Basic,20.76,10,4,48.2,Monthly,Bank Transfer,No,4,0,0,3,1
C1604,47,Non-binary,Central,__value__,33.76,11,3,39.3,Monthly,UPI,Yes,6,0,2,3,0
C1605,23,,West,Basic,__17.48__,22,7,32.2,Yearly,Card,Yes,6,10,3,4,0
C1606,41,Male,South,Standard,42.5,1,1,62.1,Monthly,UPI,No,8,10,4,3,0
C1607,49,Male,Central,Standard,50.82,72,1,49.2,Monthly,UPI,Yes,8,0,3,3,0
C1608,46,Male,South,Standard,44.24,16,6,21.9,Monthly,Card,Yes,1,10,2,3,1
C1609,40,Female,Central,Standard,36.25,18,2,"""""",Yearly,Card,No,5,2,1,1,0
C1610,46,Female,South,Standard,57.32,42,2,36.2,Monthly,Card,Yes,3,7,0,3,0
C1611,47,Female,West,Standard,39.02,17,0,47.8,Quarterly,Bank Transfer,Yes,6,9,0,1,0
C1612,32,Female,East,Premium,79.18,21,1,39.4,Monthly,Bank Transfer,No,5,17,2,3,0
C1613,34,Female,South,Standard,35.62,8,4,53.5,Monthly,Bank Transfer,Yes,4,18,0,1,1
C1614,39,Male,North,Standard,28.19,11,0,37.3,Quarterly,UPI,Yes,8,0,0,2,0
C1615,31,Male,East,Standard,45.17,20,4,61.6,Monthly,Bank Transfer,No,5,2,1,,0
C1616,34,Female,__value__,Standard,43.35,22,5,35.2,Yearly,Cash,Yes,5,4,0,2,0
C1617,33,Female,East,Premium,79.87,14,0,64.7,Monthly,Card,Yes,6,3,2,4,0
C1618,28,Female,West,Standard,36.32,3,4,52.7,Quarterly,Card,No,5,0,3,"""""",0
C1619,18,N/A,South,unknown,70.67,9,7,60.4,Yearly,Cash,No,3,0,0,2,0
C1620,47,Male,East,Standard,32.82,2,2,47.4,Monthly,Cash,Yes,3,11,0,3,0
C1621,20,Female,East,Basic,8.5,28,2,36,Monthly,Bank Transfer,Yes,5,6,0,1,0
C1622,41,Male,South,Standard,31.51,11,1,55.3,Monthly,UPI,Yes,6,0,0,1,0
C1623,25,Female,North,Standard,53.24,9,1,,Quarterly,UPI,No,4,31,0,2,0
C1624,31,Female,South,Standard,49.05,32,1,56.8,Yearly,Bank Transfer,0,6,0,1,2,0
C1625,18,Female,North,Basic,23.34,8,5,52.9,N/A,Card,No,4,16,2,2,0
C1626,43,Male,Central,Basic,23.55,6,5,49.4,Yearly,Bank Transfer,Yes,4,18,0,1,0
C1627,33,Male,__value__,Premium,80.42,8,5,54.9,Quarterly,UPI,No,1,16,2,2,1
C1628,30,Male,Central,Standard,35.33,6,0,27.3,Monthly,Card,No,4,0,0,2,1
C1629,45,Female,West,Standard,46.83,2,1,29,Quarterly,UPI,,4,0,2,3,0
C1630,35,Female,West,Premium,76.97,9,2,50.5,Monthly,Card,No,6,8,0,4,0
C1631,42,Female,West,Standard,42.92,29,2,44.3,Monthly,UPI,1,4,3,4,4,0
C1632,36,Female,South,Standard,34.37,27,4,35.6,Monthly,Card,No,5,0,1,4,0
C1633,32,Male,North,Standard,31.71,3,0,39.9,Monthly,Card,No,8,0,1,2,0
C1634,18,Male,West,Standard,31.34,67,2,52.6,Quarterly,Card,Yes,6,0,0,2,0
C1635,32,,North,2,32.89,45,1,34.7,__value__,Bank Transfer,No,5,0,1,1,0
C1636,22,Female,South,Premium,91.28,12,0,49.3,Yearly,Card,0,9,0,0,3,0
C1637,41,Male,South,Basic,20.99,18,7,59.4,Yearly,Card,Yes,1,18,,1,0
C1638,45,Male,East,Standard,27.11,6,0,34.2,1,Card,Yes,7,0,1,2,0
C1639,38,Female,East,Basic,8.5,9,2,45.6,Monthly,Card,Yes,3,4,0,1,0
C1640,46,Female,North,2,31.08,42,5,20.9,Monthly,UPI,Yes,5,4,0,2,0
C1641,60,Male,West,Basic,15.29,5,4,45.7,Monthly,UPI,Yes,3,32,3,3,0
C1642,30,Male,Central,Basic,10.2,12,6,52.3,Monthly,Bank Transfer,Yes,5,2,1,2,0
C1643,34,Female,Central,Basic,27.55,7,1,41.6,Monthly,Card,No,8,__18__,0,1,0
C1644,unknown,Female,North,Standard,44.89,8,5,30.5,Quarterly,Card,No,4,29,3,3,0
C1645,35,Male,East,Premium,75.12,72,1,39.5,Quarterly,Card,Yes,7,0,3,4,0
C1646,26,Male,East,1,13.71,59,5,38.8,Monthly,UPI,No,4,0,2,4,0
C1647,47,Female,North,Standard,48.79,13,1,48.3,Monthly,UPI,No,6,19,0,2,0
C1648,32,Female,North,Basic,29.57,9,5,60.5,Yearly,Bank Transfer,Yes,5,24,1,1,0
C1649,49,__value__,North,Basic,8.85,15,6,53.8,unknown,Cash,No,1,17,2,2,0
C1650,32,Female,North,Premium,"""""",22,2,63,Monthly,UPI,No,5,9,4,3,1
C1651,46,Female,South,Standard,46.41,18,0,37.9,Monthly,Bank Transfer,Yes,4,,0,2,0
C1652,37,Male,East,Basic,17.14,56,7,19,Yearly,Bank Transfer,No,6,0,0,1,0
C1653,37,Female,West,Standard,46.94,24,0,49.3,Yearly,UPI,Yes,8,0,4,3,0
C1654,46,Female,West,Standard,33.75,5,NaN,44.8,1,Card,Yes,5,18,0,2,0
C1655,55,Female,East,Premium,69.51,10,__2__,57,Monthly,Cash,Yes,5,16,1,4,0
C1656,24,Female,South,Basic,20.3,21,5,53.4,Monthly,Cash,Yes,4,12,0,2,0
C1657,48,Male,West,Basic,8.5,17,1,27.5,Yearly,UPI,Yes,7,7,0,2,0
C1658,38,Male,West,Standard,33.4,9,5,"""44.8""",Quarterly,UPI,Yes,2,22,0,1,0
C1659,40,Female,North,3,73.58,26,3,52.8,Quarterly,Card,Yes,5,0,4,3,0
C1660,unknown,Female,South,Basic,23.54,3,1,"""24.8""",Monthly,Card,No,7,0,__3__,1,0
C1661,45,Male,North,Basic,17.41,8,6,47.8,Monthly,Card,No,3,13,0,2,0
C1662,55,Female,East,1,22.22,40,3,38.1,Monthly,Cash,Yes,7,9,1,1,0
C1663,36,Non-binary,South,Standard,49.58,1,2,53.4,Yearly,Card,Yes,6,10,0,1,0
C1664,18,Female,North,Standard,38.18,1,1,15.2,Monthly,Card,Yes,2,12,4,4,0
C1665,18,Female,Central,Standard,34.37,20,0,38.9,Monthly,Bank Transfer,0,5,1,1,2,0
C1666,41,Female,South,Standard,32.27,3,4,33.7,Monthly,Card,Yes,5,17,0,2,1
C1667,29,Male,West,Basic,29.11,21,5,,Quarterly,UPI,No,7,8,0,2,0
C1668,45,Female,South,Standard,44.62,22,6,48.4,Monthly,Card,Yes,3,11,1,2,0
C1669,29,Male,North,Basic,__15.36__,23,__7__,44.9,Yearly,Card,Yes,5,10,5,3,0
C1670,18,Female,South,Basic,18.71,23,5,41,Monthly,Card,Yes,3,7,0,2,0
C1671,24,Male,West,__value__,16.15,9,4,27,Monthly,Cash,No,4,9,1,2,1
C1672,47,Female,East,Basic,25,5,6,52,Yearly,UPI,Yes,unknown,1,0,1,0
C1673,unknown,Female,East,Premium,80.98,30,5,62.6,Yearly,Bank Transfer,Yes,1,0,3,3,0
C1674,20,Male,East,Premium,78.11,7,NaN,34.1,Quarterly,Card,Yes,3,4,,2,1
C1675,21,Non-binary,West,Standard,,5,4,35.6,Yearly,__value__,No,5,17,0,3,0
C1676,29,Female,South,Standard,58.06,37,1,45.8,Yearly,UPI,No,"""""",__10__,0,2,0
C1677,39,Female,East,Premium,73.75,19,1,49.3,Monthly,UPI,No,4,0,1,3,1
C1678,33,Female,South,Basic,9.28,4,2,54.4,Quarterly,Card,Yes,2,0,1,4,0
C1679,33,Female,North,Premium,73.1,21,3,59.8,Yearly,Card,Yes,7,0,3,3,0
C1680,30,Female,North,Standard,51.18,14,4,51.7,Monthly,Cash,No,"""""",8,1,1,0
C1681,23,Non-binary,East,Standard,,21,4,34.4,Monthly,Cash,No,4,21,1,1,0
C1682,41,Female,South,Standard,47.8,1,1,35.7,Quarterly,Bank Transfer,No,5,0,1,1,0
C1683,31,Male,West,Basic,12.65,25,4,48.6,Yearly,UPI,Yes,5,4,0,1,0
C1684,36,Male,East,Premium,61.97,6,0,47.4,Monthly,Card,Yes,5,1,3,2,0
C1685,49,Female,South,Standard,31.39,15,2,53.5,,UPI,Yes,6,1,2,2,0
C1686,22,Male,South,Premium,63.93,10,3,57.4,Monthly,Bank Transfer,Yes,3,2,3,5,0
C1687,37,Male,North,Basic,25.37,3,6,31.7,Yearly,__value__,Yes,6,11,1,2,0
C1688,52,Female,East,Basic,__15.62__,41,6,25.5,Yearly,Card,Yes,4,6,2,1,0
C1689,39,Male,West,Standard,56.28,2,3,45.8,Yearly,Cash,Yes,9,9,2,4,0
C1690,"""""",Male,West,Basic,31.55,22,6,33.1,Monthly,Card,No,2,16,3,2,1
C1691,35,Female,West,1,23.92,10,5,37.2,Quarterly,Bank Transfer,Yes,6,8,0,2,0
C1692,18,Male,East,Basic,22.92,7,3,37.1,Yearly,Bank Transfer,Yes,2,18,0,3,0
C1693,18,Female,Central,Basic,26.27,1,8,30.6,Monthly,Card,Yes,3,25,2,1,1
C1694,29,Male,West,Standard,__40.71__,9,2,54.9,Monthly,Bank Transfer,No,5,3,1,1,0
C1695,18,Female,Central,Basic,8.5,72,5,27.1,Monthly,Bank Transfer,Yes,8,0,1,1,1
C1696,27,Female,East,Standard,34.24,19,0,44.7,Monthly,Bank Transfer,Yes,6,0,2,"""""",0
C1697,18,Female,Central,Standard,30.04,72,0,53.4,Monthly,Card,Yes,3,4,0,3,0
C1698,47,Female,West,Standard,39.3,2,0,35,3,Card,Yes,6,8,0,1,0
C1699,45,Female,Central,Basic,17.88,18,2,47,Monthly,UPI,Yes,1,4,0,2,1
C1700,39,Female,South,Basic,8.5,5,2,53.1,Monthly,Bank Transfer,Yes,4,13,0,1,1
C1701,43,Male,East,3,78.78,7,0,68.5,Yearly,Card,No,4,4,4,4,0
C1702,44,Female,West,1,9.35,13,6,48.5,Monthly,Card,No,4,7,1,3,1
C1703,29,Male,Central,Basic,14.79,50,7,39.1,Yearly,Card,Yes,1,1,0,3,0
C1704,26,N/A,South,Basic,24.22,14,5,34.6,Monthly,Bank Transfer,Yes,4,12,1,2,1
C1705,39,Male,West,Standard,41.36,34,3,39.2,Monthly,Card,1,6,"""""",3,2,0
C1706,51,Male,North,Standard,29.38,11,1,22.6,Yearly,Card,Yes,5,4,0,3,0
C1707,18,Male,East,,12.98,9,4,53.5,Yearly,UPI,Yes,6,14,1,1,0
C1708,36,Male,North,Basic,28.03,12,3,43.4,Monthly,Cash,No,8,0,2,2,0
C1709,23,,North,Standard,31.25,6,1,41.2,Monthly,Card,No,7,0,0,1,0
C1710,44,Female,East,Premium,61.73,9,0,41.6,Yearly,UPI,Yes,4,,NaN,5,0
C1711,41,Female,Central,1,19.68,52,7,40.2,Monthly,unknown,No,5,1,1,3,0
C1712,48,Male,West,Basic,9.53,9,8,40.2,Yearly,UPI,No,2,21,1,1,1
C1713,42,Female,East,Standard,42.51,9,1,47,Yearly,Bank Transfer,No,5,7,3,3,0
C1714,44,Male,East,Standard,66.63,16,4,34.6,Monthly,Cash,Yes,5,13,0,1,1
C1715,43,Non-binary,North,Basic,28.38,9,5,52.2,Yearly,Card,No,4,2,0,3,0
C1716,54,Male,,Standard,49.96,19,1,60.3,,Card,Yes,6,2,0,3,0
C1717,27,Female,Central,Premium,76.52,17,0,unknown,Monthly,UPI,1,7,0,5,4,0
C1718,41,Female,South,Standard,42.08,7,4,32.9,Yearly,UPI,No,5,12,1,2,0
C1719,33,Male,North,Basic,unknown,1,6,36.4,Monthly,Cash,No,2,28,0,2,1
C1720,32,Female,West,Premium,69.22,47,1,58.4,Quarterly,Card,No,7,0,2,4,1
C1721,40,Female,Central,Standard,40.96,9,0,47.8,Quarterly,UPI,No,4,0,0,2,0
C1722,58,Female,South,1,14.14,13,4,16.1,Monthly,UPI,Yes,3,20,3,1,1
C1723,21,Female,West,Standard,30.9,20,2,45.9,Yearly,Card,Yes,7,0,0,2,0
C1724,38,Male,North,Standard,42.18,5,0,55.6,Monthly,UPI,Yes,5,12,1,1,0
C1725,50,Male,West,Basic,8.69,17,,29.7,Monthly,Card,No,3,4,4,3,0
C1726,38,,North,Standard,53.74,72,0,NaN,Yearly,Card,Yes,9,0,0,3,0
C1727,38,Female,North,Standard,41.91,25,"""""",46.1,Monthly,Card,0,5,12,0,3,0
C1728,30,Male,South,Basic,17.61,21,4,38.9,Yearly,Bank Transfer,Yes,9,2,0,1,0
C1729,50,Female,West,Standard,33.97,4,2,NaN,Monthly,Card,Yes,3,0,0,2,0
C1730,18,Male,East,Standard,50.97,2,6,65.5,Yearly,Bank Transfer,Yes,6,21,1,1,0
C1731,39,Male,South,Premium,71.34,4,0,63.7,Quarterly,Bank Transfer,1,5,4,0,"""""",0
C1732,28,Female,South,Basic,19.5,16,7,46.2,1,Card,Yes,3,5,2,1,0
C1733,32,,Central,Basic,19.05,16,2,32.1,Monthly,UPI,__value__,4,25,0,2,0
C1734,18,Male,West,Standard,40.29,24,1,43.9,Yearly,Card,Yes,8,0,1,2,0
C1735,50,unknown,East,Basic,19.58,8,3,24.2,Monthly,Bank Transfer,Yes,7,0,0,1,1
C1736,49,Female,North,Standard,37.08,6,1,46.9,Monthly,Card,No,8,2,2,2,0
C1737,33,Male,,Basic,27.47,20,0,27.6,Monthly,Card,Yes,8,0,0,1,0
C1738,20,Male,South,Basic,11.54,11,4,37.1,Monthly,Card,Yes,5,9,0,1,0
C1739,24,__value__,North,Basic,25.25,9,2,35.4,Monthly,N/A,No,4,6,1,2,0
C1740,,Male,East,Premium,65.02,15,0,53.4,3,UPI,No,9,2,2,2,0
C1741,31,Male,East,Standard,37.63,7,1,47.5,1,Card,No,7,0,2,3,0
C1742,52,Male,Central,Standard,47.11,26,2,52.2,Monthly,Bank Transfer,No,5,"""""",0,2,0
C1743,48,Female,Central,Standard,46.67,23,5,NaN,Monthly,Card,Yes,6,,2,3,0
C1744,32,Female,South,Standard,37.22,21,4,30,Monthly,Bank Transfer,No,1,0,1,2,0
C1745,51,Female,West,Basic,NaN,10,__6__,33.7,Monthly,Bank Transfer,No,3,21,1,1,1
C1746,36,Male,West,Basic,37.14,16,8,40.5,Monthly,UPI,Yes,4,18,0,1,1
C1747,27,Female,Central,Basic,14.02,3,6,46.4,Monthly,Card,No,4,4,2,2,0
C1748,37,Female,East,Basic,"""13.96""",22,4,35.5,Yearly,Bank Transfer,Yes,3,,3,2,0
C1749,,Female,East,Standard,59.96,10,5,33.9,Quarterly,Bank Transfer,Yes,5,14,0,2,0
C1750,25,Male,West,Standard,41.65,15,2,44.3,Monthly,Bank Transfer,Yes,7,5,0,4,0
C1751,__18__,Male,Central,2,39,33,0,50.2,Yearly,Card,No,10,21,2,4,0
C1752,33,Female,Central,Premium,68.75,1,2,43.3,Monthly,Card,Yes,3,0,2,3,0
C1753,25,Male,East,Standard,36.47,12,4,38.9,Monthly,UPI,No,6,14,0,1,0
C1754,51,Female,North,3,72.92,3,0,74.6,Monthly,Card,Yes,5,12,2,3,0
C1755,,Female,North,1,26.35,13,2,"""35.3""",Quarterly,Card,No,7,1,3,2,0
C1756,35,unknown,West,Standard,31.65,36,0,35.1,Quarterly,Cash,No,10,0,2,2,0
C1757,23,Female,East,Premium,75.89,3,0,65.8,Yearly,UPI,Yes,7,3,2,2,0
C1758,27,Male,Central,Basic,14.34,1,5,55.3,Quarterly,Cash,No,6,8,0,2,0
C1759,50,Female,East,1,11.14,35,7,43.2,Yearly,Card,Yes,2,23,0,3,0
C1760,27,Female,West,Basic,20.23,29,5,50.8,unknown,Bank Transfer,No,1,9,0,1,0
C1761,22,Female,West,unknown,20.58,35,1,47.4,Yearly,Bank Transfer,Yes,9,0,0,3,0
C1762,38,Male,South,Basic,24.71,11,3,23.8,Yearly,Bank Transfer,Yes,8,0,2,2,0
C1763,28,Female,West,Standard,,3,3,57.7,Monthly,Card,No,3,18,0,4,1
C1764,38,Male,South,Premium,62.15,21,1,58.3,__value__,Card,No,5,7,1,3,0
C1765,42,Male,East,Standard,43.45,2,0,49,Yearly,Bank Transfer,,7,11,0,3,0
C1766,38,Male,East,Basic,19.86,NaN,3,65.4,Yearly,Bank Transfer,No,6,4,2,3,0
C1767,34,Female,West,Standard,38.98,26,4,42,Monthly,UPI,Yes,6,21,unknown,2,0
C1768,36,Male,East,Standard,40.21,22,2,42.5,Monthly,Card,No,,12,2,3,0
C1769,25,Female,Central,2,46.08,,3,37.7,,Bank Transfer,No,6,19,3,3,0
C1770,43,Female,South,Standard,42.91,9,0,24.8,Monthly,Cash,No,5,2,0,1,0
C1771,29,,North,Standard,47.15,17,0,52.8,Monthly,UPI,Yes,6,5,2,2,0
C1772,36,Male,Central,Standard,53,4,3,45.8,Monthly,Bank Transfer,No,5,0,0,1,0
C1773,36,Female,Central,Basic,unknown,1,4,43.1,Monthly,Card,Yes,7,0,1,2,0
C1774,19,Male,North,Basic,21.04,18,3,57.3,Monthly,Bank Transfer,Yes,4,6,0,2,0
C1775,20,Female,North,Premium,73.57,4,4,50.9,Yearly,Card,No,4,21,4,5,0
C1776,51,Female,North,Standard,42.85,40,4,37.4,Quarterly,Card,No,3,13,1,3,0
C1777,23,Female,North,Standard,"""43.93""",30,1,33.4,Monthly,Bank Transfer,No,8,2,3,3,0
C1778,18,Female,South,Basic,23.17,2,"""""",33.6,Yearly,UPI,No,8,13,1,2,0
C1779,25,Male,Central,Premium,88.45,1,0,65.4,Monthly,Card,Yes,5,0,0,3,0
C1780,51,Female,South,Standard,30.87,14,5,27.2,Yearly,Cash,Yes,4,6,0,3,0
C1781,35,Female,North,Premium,75.9,15,2,55.7,Monthly,Cash,Yes,8,4,2,2,0
C1782,42,Female,North,Standard,44.94,2,2,38.1,Monthly,Bank Transfer,Yes,4,16,0,3,0
C1783,35,Male,North,Basic,21.21,47,5,40.6,Quarterly,Card,Yes,2,5,0,2,1
C1784,31,Female,South,N/A,47.39,18,2,41.8,Quarterly,Bank Transfer,No,4,16,0,1,0
C1785,31,Female,South,Premium,63.94,10,0,43.7,Monthly,Card,No,7,7,0,2,0
C1786,"""""",Male,North,Standard,53.55,3,2,34,Monthly,Cash,No,6,4,1,2,0
C1787,39,Male,West,Premium,64.19,29,0,62.8,Yearly,Bank Transfer,Yes,9,6,0,4,0
C1788,31,Male,West,Basic,26.47,20,5,28.1,Quarterly,Card,Yes,4,23,1,2,0
C1789,40,Male,North,Standard,,,2,44.1,2,Bank Transfer,Yes,5,22,0,4,0
C1790,55,Male,North,Premium,85.92,14,3,32.5,Yearly,Card,No,8,0,1,2,0
C1791,38,Male,Central,Standard,39.1,13,3,60.9,Monthly,,No,4,0,3,2,0
C1792,50,Male,East,Standard,54.67,"""""",1,36.7,Monthly,Card,Yes,7,6,3,1,0
C1793,32,Female,North,Premium,73.9,30,0,57.1,Quarterly,Bank Transfer,Yes,5,5,0,2,0
C1794,23,Male,West,Premium,76.15,,NaN,NaN,Monthly,Bank Transfer,Yes,5,0,3,5,0
C1795,18,Male,Central,Standard,48.37,18,0,34.7,Monthly,Bank Transfer,Yes,6,8,0,2,0
C1796,36,Female,South,Standard,45.9,16,1,34.6,Yearly,__value__,No,9,0,1,1,0
C1797,51,Male,South,Standard,41.2,1,3,48.5,Yearly,Card,Yes,4,5,1,1,0
C1798,60,Male,West,Basic,8.5,3,8,29.5,Monthly,Cash,Yes,2,13,0,2,1
C1799,38,Male,South,Standard,49.76,47,2,45.1,Yearly,Cash,Yes,8,0,2,1,0
C1800,32,Male,East,Standard,38.42,36,2,36.6,Quarterly,Card,No,2,6,0,1,0
C1801,47,Male,East,Basic,20.36,36,4,50.7,Monthly,Bank Transfer,0,4,17,3,3,0
C1802,27,Male,South,Premium,73.99,14,0,51.1,Monthly,Cash,0,5,0,"""""",3,0
C1803,42,Male,Central,Premium,83.43,11,3,54.7,Monthly,Bank Transfer,No,6,18,0,2,1
C1804,34,Male,South,Premium,59.08,5,0,58.4,Monthly,Card,No,9,0,2,3,0
C1805,31,Male,South,Standard,28.74,25,5,38.7,Monthly,Bank Transfer,No,3,13,0,4,0
C1806,43,Female,South,Basic,"""18.23""",19,6,23.5,Yearly,Bank Transfer,1,5,31,2,4,0
C1807,44,Female,North,Basic,__8.5__,8,4,49.7,2,Card,No,5,4,0,1,0
C1808,23,Male,North,Basic,33.08,4,5,59.4,Yearly,Card,Yes,7,5,0,1,0
C1809,26,Female,West,,__37.84__,7,4,48.6,Quarterly,UPI,Yes,5,2,1,1,0
C1810,23,Female,East,Basic,"""""",1,6,38.5,Quarterly,UPI,No,1,24,1,3,1
C1811,52,Male,Central,Basic,23.25,14,7,34.4,Monthly,UPI,No,3,28,3,2,1
C1812,52,Male,North,Standard,25.06,1,0,38.7,Monthly,Card,No,7,26,0,2,0
C1813,34,Male,West,Basic,"""8.67""",5,3,52.2,1,UPI,Yes,5,9,0,1,0
C1814,39,Female,South,Basic,26.67,12,7,51.9,Monthly,Bank Transfer,Yes,7,13,0,3,0
C1815,18,Female,East,Basic,22.14,13,2,35.2,1,Card,No,,19,0,1,0
C1816,28,Male,East,Premium,68.63,57,2,57.7,Monthly,Card,Yes,4,13,1,2,0
C1817,48,Female,Central,Standard,45.32,13,2,37.2,Quarterly,Card,Yes,5,2,0,4,0
C1818,34,Male,South,Basic,11.19,30,7,51.9,Yearly,UPI,Yes,7,12,0,2,0
C1819,41,Female,South,Standard,35.19,2,5,70.6,Yearly,Card,No,5,18,1,1,0
C1820,__37__,Male,South,Premium,unknown,2,1,52.8,Quarterly,Bank Transfer,Yes,4,2,2,3,0
C1821,18,Male,South,Premium,77.39,8,1,56.3,Yearly,Card,No,,13,2,2,0
C1822,42,Female,,Basic,8.5,27,2,29.7,Yearly,Bank Transfer,Yes,7,8,1,2,0
C1823,NaN,Male,South,__value__,42.78,72,3,43.5,Yearly,Bank Transfer,Yes,3,0,0,1,0
C1824,22,Male,East,Basic,12.31,3,2,34.3,Yearly,Card,Yes,6,2,0,3,0
C1825,40,Male,West,Premium,83.33,18,0,56.3,Yearly,UPI,No,9,3,unknown,4,0
C1826,40,Male,Central,Premium,72.97,12,5,57.2,Monthly,Card,Yes,6,23,3,3,0
C1827,27,Female,North,Basic,__13.35__,14,5,unknown,Yearly,Bank Transfer,Yes,4,4,2,1,0
C1828,45,Male,West,Basic,8.5,__4__,2,__41.8__,Quarterly,Card,No,3,0,3,3,0
C1829,18,Male,South,Standard,47.75,16,0,55,Monthly,Card,Yes,9,0,1,4,0
C1830,47,Female,South,Premium,73.38,6,1,50.2,Monthly,UPI,Yes,7,0,0,2,1
C1831,29,Male,South,Basic,9.49,5,8,43.5,Monthly,Bank Transfer,Yes,2,33,0,1,1
C1832,32,Male,North,Premium,70.14,13,4,69.7,Monthly,Bank Transfer,No,4,0,1,4,1
C1833,42,Female,Central,Premium,70.99,28,6,46.9,Monthly,Card,No,1,18,3,3,1
C1834,25,Female,South,Premium,81.23,14,5,56.2,Monthly,Bank Transfer,Yes,1,24,1,4,1
C1835,35,Male,North,Basic,14.47,10,6,46.6,Yearly,Bank Transfer,Yes,6,14,0,2,0
C1836,36,Female,East,Standard,35.66,15,1,25,Quarterly,UPI,Yes,5,3,0,4,0
C1837,40,Female,South,Basic,15.78,25,5,30.9,Quarterly,Card,No,5,6,0,3,0
C1838,37,Female,South,Standard,23.8,2,2,44.1,Monthly,UPI,Yes,5,2,0,3,0
C1839,37,Male,North,Premium,73.13,2,5,48.4,Monthly,Bank Transfer,1,4,25,2,2,1
C1840,40,Female,West,Standard,"""""",__30__,0,50.6,Monthly,Bank Transfer,No,8,0,1,1,0
C1841,29,Female,,Standard,38.83,10,3,36.2,Monthly,Card,Yes,4,3,3,1,1
C1842,34,Male,unknown,Basic,27.68,25,2,__43.5__,Monthly,Card,No,7,0,0,1,0
C1843,34,Female,unknown,Basic,22.76,25,3,45.6,Monthly,Card,No,4,0,0,1,0
C1844,30,Male,North,Basic,18.77,62,4,4.4,Yearly,UPI,No,4,4,0,2,0
C1845,37,Male,North,Premium,NaN,23,0,,Monthly,UPI,Yes,6,1,5,3,0
C1846,25,,North,Basic,21.03,23,4,56.7,Monthly,Cash,No,5,25,3,1,0
C1847,34,Female,East,Basic,24.17,23,2,24,Monthly,UPI,No,6,0,1,2,0
C1848,43,Female,East,Premium,83.64,20,0,47.7,Quarterly,Card,Yes,8,0,0,1,0
C1849,41,Female,North,Premium,unknown,37,7,45.3,Quarterly,Bank Transfer,No,5,16,4,4,1
C1850,42,Male,West,Basic,17.72,9,1,18.5,,UPI,1,7,0,1,1,0
C1851,45,Female,Central,Premium,68.37,36,2,24.5,Monthly,Bank Transfer,No,4,4,0,1,0
C1852,49,Female,North,Standard,42.27,8,4,63.5,Monthly,UPI,No,4,10,3,2,0
C1853,23,Female,West,Standard,37.37,1,0,39.3,Quarterly,Card,No,8,0,1,2,0
C1854,"""""",Male,North,Standard,__30.12__,1,5,,Quarterly,Card,No,1,2,0,2,1
C1855,39,Female,West,Premium,65.34,22,0,62,Quarterly,Card,Yes,8,0,7,5,0
C1856,38,Female,West,Standard,"""51.44""",7,0,46.1,Quarterly,Bank Transfer,Yes,8,0,1,1,0
C1857,34,Female,East,Standard,45.91,2,1,38,1,Cash,Yes,4,9,2,1,1
C1858,34,Male,South,Standard,45.69,4,0,22.6,Monthly,Card,No,4,0,0,4,0
C1859,29,Female,North,Premium,77.07,12,2,45.1,Yearly,UPI,Yes,8,10,3,4,0
C1860,36,Male,Central,Basic,10.34,26,0,27.7,Monthly,UPI,No,8,0,3,2,0
C1861,41,Male,East,Basic,26.75,14,3,50,3,UPI,Yes,NaN,18,2,2,0
C1862,44,Male,North,Basic,30.28,5,1,45.1,Quarterly,UPI,Yes,5,0,0,1,0
C1863,40,Male,South,,"""26.34""",26,3,27.1,Monthly,UPI,Yes,5,15,1,2,0
C1864,23,Female,East,Standard,42.83,11,0,31.2,Quarterly,Card,No,5,0,0,2,0
C1865,49,Male,East,Premium,67.79,8,0,73.7,,Card,No,5,2,1,3,0
C1866,29,Female,West,Basic,29.33,63,7,37.9,Monthly,Bank Transfer,Yes,5,3,0,1,0
C1867,39,Female,West,Premium,83.69,21,0,53.1,Monthly,UPI,Yes,8,10,1,4,0
C1868,56,Female,North,Basic,14.79,,1,50.6,Quarterly,Bank Transfer,No,6,0,0,3,0
C1869,18,Female,Central,Standard,44.93,11,3,52.6,2,Card,No,5,16,0,,0
C1870,42,Female,West,Basic,23.81,,4,54.8,Yearly,Card,No,2,0,__0__,2,0
C1871,29,Male,West,Standard,53.94,20,2,53.2,Monthly,Card,Yes,5,1,0,1,0
C1872,47,Male,South,Basic,15.12,9,5,33.6,Quarterly,Card,0,,31,0,2,0
C1873,51,Male,North,Standard,46.74,1,4,41.9,Monthly,UPI,No,4,6,1,2,1
C1874,47,Female,Central,Standard,38,4,0,44,Monthly,Cash,Yes,10,0,2,1,0
C1875,38,Male,East,Standard,45.42,15,4,41.9,Monthly,Card,Yes,2,16,0,4,0
C1876,26,Female,Central,Premium,55.5,25,3,27.5,Monthly,Bank Transfer,Yes,4,0,0,5,0
C1877,18,Male,West,Standard,47.06,17,4,34.6,1,Bank Transfer,Yes,4,12,1,1,0
C1878,"""""",Female,North,Basic,17.83,1,7,28.1,Yearly,Card,Yes,2,11,0,2,0
C1879,37,Male,East,Basic,24.05,3,6,25.4,Monthly,UPI,Yes,5,19,2,2,1
C1880,29,Male,East,Standard,36.56,2,0,43.2,Monthly,Bank Transfer,No,9,12,2,2,0
C1881,__38__,Female,Central,Premium,"""72.78""",10,1,63.2,Yearly,UPI,No,6,0,2,3,0
C1882,33,Female,South,Basic,24.57,3,1,37,Quarterly,Card,No,4,7,4,3,0
C1883,25,Male,Central,Basic,__31.33__,72,5,38,Yearly,UPI,No,7,5,2,2,0
C1884,54,Female,Central,Standard,34.54,16,2,51.8,Yearly,Card,No,5,16,0,1,0
C1885,44,Female,North,Standard,32.92,,0,42.6,Monthly,Bank Transfer,No,9,11,1,1,0
C1886,51,,East,Basic,8.5,46,4,26.8,Monthly,Cash,Yes,5,0,1,3,0
C1887,46,Female,East,Basic,25.71,1,6,"""40.1""",Yearly,Card,No,2,18,0,2,1
C1888,26,Male,South,Premium,72.98,29,2,36,Quarterly,UPI,No,3,0,3,3,0
C1889,41,Female,North,Premium,77.14,2,3,56,Quarterly,UPI,No,6,0,0,2,1
C1890,46,Female,Central,Standard,44.58,16,2,39.5,Yearly,Card,No,7,0,0,2,0
C1891,20,Male,North,Premium,65.49,__22__,0,43.4,Monthly,Bank Transfer,No,5,__8__,2,3,1
C1892,"""""",Female,West,Premium,83.2,27,6,44.2,Yearly,Card,No,6,0,3,2,0
C1893,__31__,Male,Central,3,75.01,6,0,50.6,Quarterly,Card,No,9,2,3,3,0
C1894,25,Male,West,Basic,17.92,10,3,36.9,Quarterly,Bank Transfer,No,4,8,0,3,0
C1895,31,Female,East,Standard,53.13,11,4,28.7,Yearly,Card,No,4,0,0,3,0
C1896,49,Male,North,Basic,23.55,51,7,37.6,Monthly,Bank Transfer,Yes,6,6,0,3,0
C1897,65,Non-binary,West,Basic,19.87,30,6,39.3,Yearly,Card,No,3,9,1,1,0
C1898,33,Female,Central,Premium,93.9,72,1,42.5,Monthly,Card,Yes,7,0,2,2,0
C1899,53,Female,South,Basic,9.03,23,5,45.7,Monthly,Card,Yes,5,1,3,3,0
C1900,21,Female,North,Standard,40.43,3,2,40.5,Yearly,Card,Yes,6,1,1,2,0
C1901,26,Male,East,Standard,41.27,32,2,57.6,1,Card,No,7,10,3,1,0
C1902,56,Male,North,Premium,66.59,6,1,35.1,Monthly,Card,No,8,0,3,5,0
C1903,43,Male,West,Standard,56.54,15,1,33.1,Yearly,Card,Yes,8,NaN,3,3,0
C1904,52,Female,Central,Basic,8.5,1,8,44.4,Monthly,UPI,Yes,,37,0,2,1
C1905,43,Male,West,Standard,30.8,6,4,37.5,Monthly,Card,No,1,"""""",2,3,0
C1906,39,Male,South,Basic,13.94,7,4,44.6,Monthly,Bank Transfer,Yes,5,13,2,2,0
C1907,39,Male,West,Basic,30.96,72,2,46,Monthly,Card,Yes,7,2,0,2,0
C1908,32,Female,North,Standard,41.99,7,5,50,Monthly,UPI,Yes,3,11,1,1,1
C1909,50,Female,East,Standard,48.58,51,1,69.1,Monthly,Bank Transfer,Yes,6,0,2,2,0
C1910,44,Male,West,Basic,12.19,49,5,55.2,Quarterly,Bank Transfer,No,3,0,1,3,0
C1911,26,Female,Central,Standard,37.75,2,2,23.3,Yearly,Card,Yes,,2,0,1,0
C1912,26,Male,Central,Standard,39.37,2,4,35.6,1,UPI,No,5,9,0,2,0
C1913,39,unknown,Central,Basic,26.4,42,4,39.3,Yearly,Card,Yes,7,20,0,3,0
C1914,28,Male,North,Premium,77.48,24,5,37.1,Monthly,UPI,Yes,3,20,2,3,1
C1915,38,Female,East,Standard,49.76,1,4,38.8,Quarterly,Card,No,5,8,3,2,0
C1916,47,Female,Central,Standard,49.56,58,3,53.3,Monthly,Bank Transfer,Yes,5,0,1,4,0
C1917,35,Female,West,Standard,34.56,20,4,43.5,2,Card,No,,4,1,2,0
C1918,33,Female,East,Standard,"""70.7""",72,6,__56.1__,Quarterly,Cash,No,3,8,0,2,0
C1919,36,Female,West,Standard,33.02,1,0,35.6,Monthly,Card,No,6,4,0,2,0
C1920,18,Female,East,Standard,59.71,6,3,44.9,Quarterly,Card,Yes,5,"""""",2,2,0
C1921,41,Male,West,Standard,49.25,9,3,60,Monthly,Card,No,6,12,0,1,1
C1922,42,Female,Central,Premium,65.63,4,3,32.2,Monthly,Bank Transfer,__value__,6,0,4,5,1
C1923,43,Male,East,Standard,44.59,1,1,59.7,Monthly,Card,No,6,0,0,2,1
C1924,,Male,West,Standard,22.59,43,2,53.7,Quarterly,Card,No,6,0,2,2,0
C1925,39,Male,West,Standard,53.62,16,0,43.9,1,Cash,No,6,4,1,3,0
C1926,NaN,Male,Central,Premium,86.27,16,1,56.2,Monthly,Card,0,9,12,2,2,0
C1927,32,Female,West,Basic,14.84,3,3,55.5,Monthly,Cash,No,6,25,0,1,1
C1928,48,Male,Central,Standard,40.24,14,0,31.2,Yearly,Card,No,6,12,1,3,0
C1929,58,Female,Central,Basic,14.84,5,4,34.2,Yearly,Card,No,7,12,1,3,0
C1930,19,Female,Central,Basic,24.59,37,5,50.6,Monthly,UPI,Yes,4,20,0,3,1
C1931,27,Female,East,3,83.96,43,4,41,Quarterly,Card,Yes,3,13,3,4,0
C1932,34,Female,West,Basic,32.95,5,3,__34.3__,Monthly,Bank Transfer,No,4,28,5,3,0
C1933,27,Male,Central,Basic,24.99,10,,56.8,Monthly,Card,Yes,6,11,0,1,0
C1934,24,Male,East,Basic,19.4,1,6,35.2,Yearly,UPI,No,NaN,18,0,1,0
C1935,38,Female,West,Basic,27.8,40,7,34.6,Quarterly,Card,No,4,0,2,1,0
C1936,53,Female,South,Premium,,16,1,54.6,Quarterly,UPI,No,6,0,2,3,0
C1937,42,Male,Central,Basic,26.37,38,4,50.7,Yearly,Card,No,3,9,1,3,0
C1938,42,Male,South,Premium,67.72,11,1,46.5,Yearly,Bank Transfer,Yes,,23,4,3,0
C1939,32,Male,West,Basic,10.43,10,3,39.5,Yearly,Card,,7,0,0,1,0
C1940,46,Male,North,Premium,,16,3,62.4,Monthly,Bank Transfer,__value__,9,0,5,5,0
C1941,48,Female,West,Basic,13.14,45,0,41,Monthly,Card,Yes,unknown,0,0,1,0
C1942,34,Male,West,Standard,43.02,26,1,,Monthly,Card,No,6,0,0,2,0
C1943,18,Female,North,Premium,81.57,38,0,45.4,Monthly,Bank Transfer,Yes,8,0,3,3,0
C1944,18,Male,North,2,56.91,25,0,55.7,Yearly,Cash,No,9,0,0,1,0
C1945,34,Non-binary,North,Standard,41.08,40,0,50.3,Yearly,Card,No,8,0,1,2,0
C1946,42,Female,Central,Standard,42.99,4,5,42.7,Yearly,UPI,Yes,7,9,5,2,0
C1947,"""""",Female,East,3,68.84,34,3,37.5,Monthly,Card,Yes,7,0,1,3,0
C1948,35,Male,North,Standard,43.5,,1,24.1,Quarterly,Card,Yes,6,1,0,2,0
C1949,18,Male,East,Basic,10.86,7,0,49.8,Monthly,UPI,Yes,5,6,2,1,0
C1950,41,Female,South,Standard,35.75,2,3,30.6,1,UPI,Yes,4,10,4,2,0
C1951,40,Male,East,Basic,15.31,12,2,48.1,Monthly,__value__,Yes,5,9,2,3,0
C1952,34,Female,East,Basic,8.5,13,2,52.2,Monthly,UPI,No,4,7,0,1,0
C1953,35,Male,East,Basic,8.5,23,9,46,Monthly,Cash,Yes,3,14,0,3,0
C1954,42,Female,North,Premium,__90.4__,13,1,38,N/A,UPI,Yes,6,NaN,0,__3__,0
C1955,44,Female,North,Basic,12.52,13,6,47.8,Quarterly,UPI,Yes,3,15,0,2,0
C1956,48,Male,East,Standard,35.24,25,NaN,44.1,Quarterly,UPI,,8,9,1,3,0
C1957,44,Female,East,Premium,79.81,48,2,42,Monthly,UPI,Yes,4,16,6,3,0
C1958,32,Male,North,Premium,67.73,31,5,47.4,Monthly,Card,No,4,7,0,5,0
C1959,NaN,Male,East,Premium,81.61,9,0,56.8,Monthly,Cash,No,6,0,3,1,0
C1960,55,Male,North,Standard,39.5,28,2,42.6,Yearly,UPI,Yes,3,5,2,2,0
C1961,30,Female,East,Standard,47.2,2,1,29.8,Monthly,Card,Yes,10,9,1,1,0
C1962,35,Female,Central,Premium,73.04,15,1,51.8,Monthly,Card,No,4,1,3,4,0
C1963,47,Male,Central,Standard,"""44.21""",21,1,24.6,Yearly,Bank Transfer,Yes,unknown,5,0,1,0
C1964,28,Female,North,Standard,34.69,18,0,40.4,Yearly,Bank Transfer,0,6,7,0,3,0
C1965,40,N/A,South,Basic,14.41,22,5,47.2,3,Bank Transfer,Yes,7,21,0,3,0
C1966,32,Female,South,Standard,37.78,17,0,45.3,Quarterly,Bank Transfer,Yes,5,0,0,2,0
C1967,28,Female,North,Basic,15.2,54,3,51.3,unknown,Bank Transfer,No,6,16,__0__,3,0
C1968,46,Male,South,Standard,50.7,29,1,40.9,2,Bank Transfer,Yes,6,0,0,3,0
C1969,58,Female,Central,Basic,24.67,3,,34.7,Quarterly,Bank Transfer,No,3,9,0,2,0
C1970,38,Female,Central,Standard,47.4,1,0,53.3,Monthly,Card,No,5,0,2,2,0
C1971,54,Male,West,Standard,35.87,45,0,58.9,Quarterly,Bank Transfer,No,7,0,1,1,0
C1972,59,Male,South,Premium,75.22,19,0,NaN,Quarterly,Cash,Yes,10,0,3,4,0
C1973,36,Male,East,Premium,83.54,4,3,,Yearly,Bank Transfer,Yes,5,11,1,3,0
C1974,33,Non-binary,,Standard,39.4,20,2,30.9,Quarterly,Card,Yes,6,0,0,1,0
C1975,54,Female,Central,Premium,67.09,12,0,62,Monthly,UPI,No,6,0,1,4,0
C1976,40,Non-binary,Central,Standard,42.02,2,2,38.6,Monthly,Card,Yes,5,18,2,1,0
C1977,20,Male,Central,Basic,11.4,34,1,44.6,Monthly,Bank Transfer,Yes,__7__,4,0,4,0
C1978,62,Male,West,Standard,47.3,41,1,"""36.2""",Monthly,Card,No,8,13,3,3,0
C1979,32,Male,West,Basic,32.03,72,5,61.6,Monthly,Card,No,3,5,2,3,0
C1980,34,Male,West,Basic,19.42,10,3,51.6,1,Card,Yes,4,14,0,2,1
C1981,37,Female,North,Basic,29.25,24,5,41.6,Yearly,UPI,No,8,0,1,2,0
C1982,25,Female,South,Basic,36.2,14,6,30.7,Quarterly,Card,Yes,4,29,2,4,0
C1983,38,Female,East,Standard,41.29,24,0,14.5,Yearly,Card,Yes,9,1,1,2,0
C1984,34,Male,West,Standard,41.64,10,0,40.2,Yearly,Card,Yes,10,2,0,3,0
C1985,52,Female,North,Standard,unknown,2,unknown,37.3,Monthly,Card,Yes,,4,1,3,0
C1986,30,Male,North,Basic,,31,6,37.2,Yearly,Card,Yes,2,16,2,3,1
C1987,45,Male,South,Basic,16.68,22,3,NaN,Quarterly,UPI,No,7,0,0,1,0
C1988,44,Male,North,Standard,33.61,17,0,49.3,Monthly,Cash,Yes,6,0,3,3,0
C1989,30,Female,Central,Basic,8.5,9,5,33.7,Quarterly,Card,No,6,11,0,2,0
C1990,44,Male,East,Standard,30.29,30,0,75.1,Monthly,Card,No,unknown,0,0,2,0
C1991,47,Male,Central,1,15.13,4,7,41.3,Quarterly,Bank Transfer,No,3,8,0,1,1
C1992,38,Female,West,Premium,52.92,31,4,58.6,Monthly,UPI,No,7,7,3,3,0
C1993,33,Male,Central,Basic,16.43,15,4,38.1,Yearly,Cash,Yes,4,13,4,3,0
C1994,30,Male,West,Premium,66.55,28,4,61.3,Monthly,UPI,Yes,5,4,0,2,0
C1995,34,Male,North,Premium,57.57,11,0,32.8,Monthly,UPI,Yes,8,9,3,4,0
C1996,41,Male,West,1,15.65,"""""",7,18.1,Quarterly,UPI,No,"""""",0,0,2,0
C1997,20,Female,Central,Standard,48.06,12,1,46,Monthly,Card,No,6,14,2,2,0
C1998,18,Female,East,2,58.5,7,0,39.5,Quarterly,Bank Transfer,No,7,7,1,2,0
C1999,29,Male,Central,Basic,8.5,9,2,42.3,Quarterly,__value__,Yes,6,13,3,NaN,0
C2000,23,Male,West,Standard,38.54,14,1,NaN,Monthly,Card,No,7,15,3,3,0
C2001,24,Female,North,Basic,15.19,15,1,54.1,Quarterly,Card,Yes,4,9,1,2,0
C2002,50,Female,East,Premium,80.72,1,2,69.5,Quarterly,UPI,N/A,7,0,3,4,0
C2003,27,Female,Central,Basic,8.5,7,6,43.1,Monthly,Card,Yes,2,25,0,1,1
C2004,24,Male,West,Basic,30.66,18,1,40,Monthly,Bank Transfer,No,4,7,0,3,0
C2005,38,Female,West,3,78.5,30,0,51.7,Monthly,UPI,Yes,9,0,2,5,0
C2006,36,Male,West,2,40.61,17,2,48.7,Monthly,Bank Transfer,Yes,6,4,0,2,0
C2007,29,Female,Central,Standard,35.6,5,4,58.7,Quarterly,unknown,Yes,6,8,0,3,0
C2008,44,Female,South,Basic,22.2,9,6,42.1,Yearly,Card,No,5,10,2,4,0
C2009,31,Male,South,Premium,82.43,32,1,60.8,Monthly,UPI,Yes,5,0,5,4,0
C2010,21,Male,West,Basic,22.03,2,8,35.4,Monthly,Cash,Yes,5,22,0,3,1
C2011,18,Male,West,Standard,35.27,27,3,45.7,Monthly,,No,6,8,1,2,0
C2012,25,Male,North,Premium,75.63,8,2,74.2,Monthly,Cash,Yes,6,11,2,4,0
C2013,50,Non-binary,Central,Premium,75.75,2,4,43.4,Yearly,Bank Transfer,Yes,3,4,1,2,0
C2014,35,Female,Central,Basic,13.2,2,4,38.2,Quarterly,Bank Transfer,Yes,2,8,0,2,0
C2015,37,Female,East,Standard,36.41,10,0,38.7,Monthly,UPI,Yes,9,17,3,1,0
C2016,18,Male,Central,Premium,80.17,19,1,"""42.5""",Yearly,Bank Transfer,Yes,5,11,0,2,0
C2017,44,Male,West,Standard,55.22,20,7,31.8,Yearly,Card,Yes,3,11,2,2,0
C2018,34,Male,__value__,Basic,8.5,2,4,46.5,Monthly,Card,No,5,__0__,1,3,0
C2019,36,Male,East,1,16.77,52,4,41.7,Monthly,UPI,Yes,5,8,2,1,0
C2020,37,Female,West,Standard,50.39,1,2,26.4,Quarterly,Bank Transfer,No,4,0,0,2,0
C2021,27,Male,North,Premium,78.57,22,4,45.1,Yearly,Card,Yes,4,22,2,3,0
C2022,37,Female,North,Basic,20.12,21,"""""",26.5,Yearly,Cash,,5,0,1,3,0
C2023,36,Female,Central,Standard,44.84,5,5,75.7,Monthly,UPI,0,3,3,0,2,1
C2024,48,Female,,Standard,48.13,43,__0__,18.6,Quarterly,UPI,Yes,5,0,0,2,0
C2025,34,Male,West,Standard,53.47,5,0,40,Quarterly,N/A,Yes,4,11,1,2,0
C2026,37,Female,East,Basic,30.54,12,7,27.5,Monthly,Card,No,1,13,0,3,1
C2027,18,Male,East,Standard,30.57,13,1,30.8,Yearly,Card,No,8,0,0,3,0
C2028,19,Male,South,Basic,13.75,9,4,45.4,Yearly,UPI,No,5,0,0,2,0
C2029,31,Female,North,Basic,11.7,10,4,45.9,Monthly,UPI,No,5,25,0,2,0
C2030,36,Female,West,Premium,68.94,43,3,59.9,Monthly,UPI,No,5,0,2,3,0
C2031,52,Male,Central,Basic,8.5,14,1,50,__value__,,No,6,1,2,2,0
C2032,__29__,Female,North,Basic,8.5,4,5,14,Monthly,UPI,1,4,10,0,3,0
C2033,42,Male,Central,Standard,41.78,4,2,61.7,Quarterly,Card,No,7,0,2,2,0
C2034,53,Male,West,Basic,26.12,55,4,24.8,Yearly,Card,Yes,4,16,1,2,0
C2035,18,Male,Central,Standard,39.61,11,2,34.6,,Card,No,2,12,3,2,0
C2036,34,Female,East,Basic,29.3,5,4,45.9,Monthly,,Yes,8,11,2,2,0
C2037,39,Male,West,Standard,47.55,3,1,23.5,Yearly,UPI,Yes,7,28,"""""",3,0
C2038,40,Male,North,Standard,,"""""",0,31.1,Yearly,Bank Transfer,No,10,0,0,2,0
C2039,34,Female,West,Standard,44.1,3,2,54.8,Monthly,Bank Transfer,No,3,0,2,2,1
C2040,36,Male,East,Standard,"""45.94""",10,0,40.7,Quarterly,UPI,No,7,6,0,1,0
C2041,52,Female,North,1,16.13,19,8,__54.0__,Yearly,Bank Transfer,No,4,13,3,2,0
C2042,32,Male,East,Premium,77.78,17,2,39,Monthly,UPI,1,7,6,0,3,0
C2043,67,unknown,North,Standard,unknown,4,0,38.8,Monthly,UPI,Yes,5,0,1,1,0
C2044,56,Male,Central,Standard,35.99,21,0,46.6,Monthly,Bank Transfer,No,3,0,0,1,1
C2045,42,Female,North,Standard,41.37,3,0,20.3,Monthly,UPI,Yes,6,unknown,1,2,0
C2046,33,Female,North,Premium,67.92,6,2,52.7,Quarterly,Card,Yes,3,10,1,4,0
C2047,__43__,Female,West,1,22.74,6,2,37.8,1,Card,Yes,2,14,1,3,0
C2048,45,Male,North,Standard,43.91,3,3,27.6,Yearly,Bank Transfer,No,2,14,0,1,1
C2049,,Male,South,Standard,55.48,2,0,45.4,Yearly,Bank Transfer,No,9,9,0,1,0
C2050,40,Female,South,Basic,14.79,13,5,"""31.7""",Monthly,Card,Yes,3,20,0,3,1
C2051,22,Female,West,Basic,20.43,6,5,59.3,Monthly,UPI,Yes,6,1,0,2,0
C2052,53,Male,South,Basic,15.52,38,4,34.4,Monthly,Card,Yes,7,8,1,2,0
C2053,27,Male,West,Standard,48.38,,2,31.3,Monthly,Card,No,5,21,0,3,0
C2054,54,Male,South,Standard,37.6,20,1,52.3,Monthly,,No,5,18,0,1,0
C2055,49,Male,East,Premium,86.02,8,3,71.3,3,Card,No,5,12,0,2,0
C2056,35,Female,East,Premium,85.92,4,2,60.3,Quarterly,Bank Transfer,,3,9,4,3,0
C2057,41,Female,East,Basic,14.55,30,3,61.7,unknown,Bank Transfer,No,7,0,0,2,0
C2058,39,,South,Basic,11.52,22,2,42.1,Monthly,UPI,Yes,5,17,2,2,0
C2059,38,Female,unknown,Premium,75.32,9,1,52.1,Quarterly,Bank Transfer,No,7,0,0,2,0
C2060,18,Female,West,Basic,11.39,2,8,55.8,Monthly,Bank Transfer,No,2,45,0,1,1
C2061,37,Female,Central,Premium,72.18,31,4,65.1,Monthly,Card,Yes,4,10,0,1,1
C2062,__29__,Female,North,Basic,"""18.77""",9,4,34.6,Quarterly,UPI,No,4,24,0,2,0
C2063,48,Female,South,Standard,38.62,6,5,NaN,Quarterly,Card,Yes,4,34,0,__3__,0
C2064,34,Male,Central,Premium,67.74,4,1,36.3,Monthly,UPI,No,8,0,2,3,0
C2065,51,Male,North,Basic,8.5,17,6,"""61.7""",Yearly,Bank Transfer,Yes,2,23,0,1,0
C2066,54,,East,Basic,21.25,4,3,50.3,Yearly,Cash,Yes,9,1,2,1,0
C2067,55,Male,East,Standard,45.26,4,4,36.6,2,Card,No,6,4,1,1,0
C2068,33,Female,South,Premium,80.71,72,0,58.8,Monthly,Bank Transfer,No,4,0,1,3,0
C2069,38,Male,West,Standard,42.85,4,1,65,Quarterly,Cash,No,,20,0,1,0
C2070,40,Female,East,Premium,70.12,12,2,55.1,Monthly,Bank Transfer,Yes,7,9,5,4,0
C2071,51,Female,West,Standard,"""45.57""",32,3,72.2,Quarterly,Cash,No,5,8,0,3,0
C2072,38,Male,East,Standard,29.92,32,1,29.1,Monthly,UPI,Yes,7,2,3,3,0
C2073,55,Male,Central,Premium,61.13,67,1,__60.5__,Yearly,UPI,Yes,7,0,2,5,0
C2074,56,Female,West,Premium,65.65,3,0,68.9,Monthly,Card,Yes,8,0,4,4,1
C2075,18,Male,North,Basic,8.5,29,4,67.2,Yearly,Card,Yes,3,5,0,3,0
C2076,29,Female,North,Standard,50.41,16,3,46.9,Monthly,UPI,Yes,6,1,0,1,0
C2077,42,Male,Central,Premium,82.62,7,1,50.9,Yearly,UPI,No,7,17,4,3,0
C2078,42,Female,West,Basic,15.51,4,3,62.5,3,UPI,Yes,7,0,0,1,0
C2079,48,Female,Central,Standard,40.31,22,0,35,Yearly,UPI,No,6,7,0,2,0
C2080,51,Female,West,Standard,45.88,69,1,46.4,Monthly,Card,Yes,2,0,1,3,0
C2081,44,Female,North,Standard,50.84,6,0,"""28.7""",Yearly,Cash,Yes,7,24,0,2,1
C2082,52,Male,East,Basic,20.75,13,3,44.8,Quarterly,Cash,No,6,4,5,4,0
C2083,unknown,Female,South,Standard,39.04,5,0,"""52.8""",Monthly,Card,Yes,7,6,1,2,0
C2084,28,Female,East,Premium,84.86,3,2,70.6,Monthly,UPI,Yes,8,6,2,3,0
C2085,54,Male,Central,Basic,NaN,56,9,44.3,Monthly,UPI,No,3,3,0,1,0
C2086,18,Male,Central,Premium,82.6,11,1,42.1,Yearly,UPI,No,7,4,1,4,0
C2087,38,Male,North,Premium,69.13,24,5,63.3,Monthly,Card,No,5,20,4,4,0
C2088,43,Female,West,Standard,38.63,38,,27.9,Quarterly,UPI,No,4,1,0,3,0
C2089,27,Female,West,Basic,17.02,6,3,42,Monthly,Card,Yes,unknown,0,0,2,0
C2090,34,__value__,South,Basic,13.48,5,7,25,Monthly,UPI,No,5,24,2,2,0
C2091,43,Female,North,Basic,38.56,6,0,40.2,,Bank Transfer,No,9,9,1,2,0
C2092,30,Male,East,Standard,35.68,17,2,"""46.1""",Monthly,UPI,No,4,16,0,2,0
C2093,18,Female,West,Standard,46.53,9,3,31.6,Monthly,Bank Transfer,Yes,2,11,0,3,0
C2094,28,Female,North,,57.3,,0,35.9,Monthly,Card,N/A,5,6,0,3,0
C2095,41,Female,East,Standard,42.1,10,0,32.8,1,UPI,Yes,3,3,0,2,0
C2096,44,Non-binary,South,Standard,48.37,6,2,37,Monthly,Card,Yes,6,18,2,2,1
C2097,58,Female,Central,Basic,26.6,1,3,51.6,Monthly,Bank Transfer,Yes,6,15,1,3,0
C2098,35,Male,East,Basic,26.13,23,3,39.8,Yearly,Cash,No,7,15,0,1,0
C2099,30,Male,Central,Standard,48.54,38,1,35.6,Yearly,UPI,Yes,6,0,0,2,0
C2100,31,Female,West,Premium,74.07,22,0,43.2,Yearly,UPI,No,6,4,0,3,0
C2101,18,Female,West,Premium,84.3,21,1,52.4,Monthly,Card,Yes,8,0,0,3,0
C2102,39,Female,North,Basic,16.35,72,6,,Monthly,UPI,No,5,2,0,1,0
C2103,50,Female,South,Basic,18.57,3,5,21.2,Quarterly,Bank Transfer,No,6,4,0,3,0
C2104,35,Male,North,Basic,9.81,8,2,50,Monthly,Card,No,6,8,1,2,0
C2105,37,Female,North,Basic,27.93,19,3,65.6,Quarterly,Bank Transfer,1,3,0,4,3,0
C2106,46,Male,East,Basic,36.07,26,5,33.2,Yearly,Cash,Yes,6,0,2,"""""",0
C2107,42,Male,South,Basic,22.88,43,7,41.2,Quarterly,Card,No,3,4,3,2,0
C2108,31,Male,East,Basic,13.89,10,3,45.8,Monthly,Card,Yes,4,8,0,2,0
C2109,32,Female,South,Standard,44.1,29,0,31.7,Quarterly,Card,No,9,0,0,4,0
C2110,52,Male,South,2,NaN,11,0,45.7,1,Bank Transfer,No,3,5,1,__1__,0
C2111,47,Female,Central,Premium,68.15,36,3,77.5,Quarterly,Card,No,4,10,1,2,0
C2112,60,Female,North,Premium,65.61,2,3,50.7,Monthly,UPI,No,7,0,1,3,1
C2113,35,Male,South,Basic,24.01,7,5,47.1,Yearly,UPI,Yes,6,14,0,1,0
C2114,28,Male,West,Basic,11.43,13,4,52.1,Monthly,Bank Transfer,No,8,0,1,3,0
C2115,43,Female,,Basic,15.4,1,5,41.8,Monthly,Bank Transfer,Yes,1,15,0,1,1
C2116,31,Female,North,Standard,49.1,15,1,53.2,Monthly,Card,0,5,0,0,1,0
C2117,41,Male,Central,Basic,8.5,32,6,44.2,Monthly,Card,Yes,3,17,3,2,0
C2118,31,Female,West,Basic,17.65,21,2,57.2,Monthly,Bank Transfer,Yes,5,6,4,2,0
C2119,38,Female,South,Basic,23.57,34,4,27.8,__value__,Card,Yes,6,22,0,3,0
C2120,22,Male,South,Standard,43.34,3,0,43.1,Monthly,Card,0,6,7,0,1,0
C2121,39,Male,Central,Basic,27.08,1,5,30.5,Yearly,Card,No,5,,0,1,1
C2122,53,Female,Central,1,17.2,3,5,53,1,Bank Transfer,No,3,25,2,2,0
C2123,28,Female,West,Standard,32.16,18,7,49.6,Monthly,Card,Yes,5,12,0,3,0
C2124,36,Non-binary,East,Basic,17.28,10,6,54.5,Monthly,UPI,Yes,3,20,1,1,0
C2125,39,Female,South,Basic,10.5,44,6,49.9,Yearly,Bank Transfer,No,3,25,0,2,0
C2126,34,Male,East,Standard,33.2,4,1,34.5,Quarterly,UPI,No,5,9,0,3,0
C2127,35,Female,West,Premium,"""67.16""",10,0,53.8,Yearly,UPI,No,10,0,2,3,0
C2128,18,Female,South,Standard,27.9,29,0,22.5,Monthly,Bank Transfer,Yes,6,0,3,3,0
C2129,54,Male,South,Premium,57.43,15,1,52.2,Quarterly,Card,Yes,3,0,0,1,0
C2130,51,Female,Central,Standard,39.67,1,2,19.3,Monthly,UPI,1,6,18,0,2,0
C2131,37,Male,North,Premium,78.65,5,3,39.3,Quarterly,,Yes,7,8,3,4,0
C2132,47,Male,South,Basic,25.47,3,3,30.8,Yearly,Cash,Yes,6,0,0,4,0
C2133,53,Female,Central,Standard,43.07,26,4,46.9,Yearly,UPI,No,6,1,0,3,0
C2134,56,Female,West,Basic,17.22,unknown,3,57.4,Monthly,Bank Transfer,Yes,6,1,0,1,1
C2135,23,Male,North,Premium,76.08,1,0,42.8,Quarterly,Bank Transfer,No,4,2,,4,0
C2136,40,,North,Basic,22.88,36,6,34.9,Monthly,Card,Yes,2,0,1,3,1
C2137,50,Female,North,1,30.9,2,3,43.3,Monthly,Bank Transfer,No,6,28,0,2,0
C2138,47,Male,West,3,79.35,12,3,41.3,Quarterly,Cash,__value__,4,16,0,3,0
C2139,29,Male,,unknown,20.41,16,7,48.6,Yearly,Card,No,8,15,5,3,0
C2140,18,Male,East,Basic,16.09,8,4,53.2,Monthly,Card,Yes,6,5,1,3,0
C2141,24,Female,Central,Standard,44.76,5,4,42.8,Monthly,Card,Yes,6,8,0,3,1
C2142,,Male,Central,Premium,70.04,5,1,40,Quarterly,Card,No,7,,1,3,0
C2143,40,Male,South,Premium,69.55,,unknown,59.8,Monthly,Card,Yes,4,12,0,2,0
C2144,44,Male,North,Standard,34.86,20,1,51.9,Yearly,Bank Transfer,Yes,5,3,1,3,0
C2145,55,Female,West,Standard,38.07,17,1,50.4,Quarterly,Cash,Yes,5,0,1,2,0
C2146,45,Female,West,Standard,39.98,22,0,44.5,Monthly,UPI,Yes,4,0,1,2,0
C2147,46,,West,Premium,79.69,12,2,"""48.0""",1,Card,Yes,5,0,2,4,0
C2148,22,Male,South,Standard,46.28,2,4,33.2,Quarterly,Card,Yes,3,9,1,3,0
C2149,64,Female,South,Basic,15.29,24,3,19.2,Quarterly,Card,No,8,__7__,2,3,0
C2150,42,unknown,West,Basic,28.29,7,6,49.6,Quarterly,Card,No,1,25,1,2,1
C2151,35,Male,South,Premium,66.75,,2,83.1,3,UPI,No,10,0,2,3,0
C2152,29,Female,North,Basic,20.76,38,6,46.6,Monthly,UPI,No,5,25,1,3,0
C2153,30,Male,East,Standard,40.23,6,1,52.1,Quarterly,UPI,No,7,2,3,1,0
C2154,44,Female,East,Basic,22.48,16,3,42.5,Yearly,Card,Yes,6,1,0,1,0
C2155,45,Male,North,Basic,22.86,44,4,53.7,Quarterly,UPI,0,4,16,NaN,1,0
C2156,30,Male,Central,Standard,43.96,39,0,53.2,Yearly,Card,No,9,0,3,3,0
C2157,49,Female,West,Premium,79.47,4,1,"""46.3""",Monthly,Bank Transfer,No,7,12,2,3,0
C2158,44,Non-binary,South,Standard,45.32,14,0,14.4,Yearly,Card,0,10,0,4,2,0
C2159,21,Male,North,Basic,24.3,37,4,35.1,Monthly,Card,Yes,6,0,1,1,0
C2160,51,Male,North,Standard,"""38.91""",35,2,46.1,Quarterly,Card,No,5,7,1,2,0
C2161,52,Male,West,Basic,10.73,48,3,33.4,Yearly,UPI,No,5,0,2,3,0
C2162,35,Female,South,1,30.4,35,2,28.9,2,UPI,0,2,10,3,4,0
C2163,35,Male,East,Basic,24.3,19,5,53.3,Monthly,UPI,No,8,unknown,1,2,0
C2164,46,Female,Central,Basic,8.5,67,3,unknown,Monthly,UPI,Yes,5,0,0,2,0
C2165,24,Female,Central,__value__,76.25,5,1,54.4,Monthly,Bank Transfer,Yes,4,1,1,2,0
C2166,39,Male,,Premium,60.39,8,3,36.4,Yearly,Bank Transfer,No,4,0,3,3,1
C2167,31,Male,West,Premium,71.29,9,3,47.8,Monthly,Card,Yes,4,9,2,4,0
C2168,23,Female,South,3,60.29,8,1,66.3,Yearly,Bank Transfer,Yes,6,9,2,4,0
C2169,39,Female,East,Basic,8.5,11,8,24.7,Yearly,UPI,Yes,5,10,2,1,0
C2170,,Female,East,Basic,8.5,4,3,59,Quarterly,Card,Yes,3,4,2,3,0
C2171,40,Female,South,Standard,46.11,15,2,7.4,1,Card,No,4,11,3,1,0
C2172,40,Male,Central,1,18.92,1,7,40.3,Yearly,Card,No,5,14,0,3,0
C2173,unknown,Female,North,Standard,55.78,5,6,32.5,Monthly,Card,Yes,3,19,2,3,1
C2174,35,Male,West,Premium,NaN,5,2,50.6,Monthly,Bank Transfer,Yes,3,13,0,1,0
C2175,42,N/A,Central,1,14.78,2,5,39.6,Monthly,UPI,Yes,5,13,2,1,0
C2176,26,Male,Central,Standard,41.78,6,0,24,Monthly,Card,Yes,5,1,1,4,0
C2177,35,Male,Central,Basic,8.5,10,4,23.6,Monthly,Cash,No,NaN,18,0,4,1
C2178,31,Female,North,Basic,23.27,42,2,41.1,Yearly,UPI,Yes,7,0,1,2,0
C2179,39,Male,North,Standard,48.68,24,4,53.7,Monthly,Cash,Yes,2,21,"""""",4,0
C2180,__27__,Male,South,Basic,30.02,1,7,55.2,Monthly,Bank Transfer,No,1,50,0,1,1
C2181,30,Female,West,__value__,75.66,15,2,86.4,Quarterly,Bank Transfer,0,7,0,4,4,0
C2182,18,Female,East,Basic,11.91,1,5,60.2,Yearly,Bank Transfer,Yes,4,15,0,2,0
C2183,51,Female,Central,Standard,41.12,32,0,27.1,Yearly,Card,Yes,7,,0,1,0
C2184,33,Male,East,Premium,,11,2,47.4,Yearly,Card,Yes,7,4,5,2,0
C2185,"""""",Female,East,Basic,10.26,40,5,28.1,Monthly,Bank Transfer,No,4,2,0,1,0
C2186,36,Female,West,Standard,30.93,26,6,33.6,Quarterly,N/A,0,6,14,0,,0
C2187,52,Male,West,Basic,20.3,6,3,45.3,Monthly,UPI,No,7,17,4,4,0
C2188,33,Male,South,Standard,46.48,23,1,35.4,1,Bank Transfer,Yes,5,0,4,2,0
C2189,18,Female,Central,Basic,25.74,8,2,44.9,Monthly,Card,Yes,7,0,4,2,0
C2190,unknown,Female,West,Basic,14.65,19,2,60.6,Monthly,UPI,Yes,6,1,0,1,0
C2191,53,Female,Central,Basic,30.82,NaN,2,49.9,Monthly,Card,No,7,0,0,1,0
C2192,33,Female,East,Standard,34.47,16,3,27.6,Yearly,UPI,Yes,5,10,0,3,0
C2193,34,Female,South,Basic,10.33,8,4,39.3,Monthly,Card,No,5,16,0,1,1
C2194,29,Male,Central,Basic,18.41,32,6,,Yearly,Bank Transfer,No,3,17,1,2,0
C2195,37,Male,West,Standard,43.11,19,0,51.7,Monthly,UPI,Yes,5,0,3,3,0
C2196,46,Male,South,Standard,31.29,1,2,32.1,1,UPI,Yes,5,0,0,1,0
C2197,38,Male,North,Standard,49.25,22,5,64,Yearly,Bank Transfer,No,2,19,0,1,0
C2198,65,Female,Central,Basic,16.03,46,9,35.2,Quarterly,Card,No,1,15,0,2,0
C2199,39,Male,South,Basic,25.71,23,3,32.8,Monthly,Bank Transfer,Yes,6,3,0,2,0
C2200,,Male,South,Standard,40.67,17,2,41.3,Monthly,Card,1,4,0,1,2,0
C2201,36,Female,East,Standard,37.85,32,0,37,Yearly,UPI,No,9,0,1,2,0
C2202,52,Male,South,Basic,29.24,35,4,54.3,Monthly,Card,No,3,1,0,2,0
C2203,40,Male,Central,Standard,40.27,13,2,46.2,Monthly,Card,No,2,15,3,4,1
C2204,54,Female,North,Premium,89.44,20,0,39.6,Quarterly,UPI,No,9,0,1,,0
C2205,44,Female,East,Standard,56.54,33,6,38.7,Monthly,UPI,0,2,9,0,2,0
C2206,39,Female,North,Standard,40.58,17,1,23.9,Monthly,Card,Yes,4,0,1,1,0
C2207,31,Female,North,Standard,39.2,7,3,51.3,Monthly,Card,No,4,2,0,1,1
C2208,42,Female,North,,"""""",43,unknown,45,Quarterly,Bank Transfer,No,6,18,0,2,0
C2209,,Male,North,Basic,20.44,11,4,49,Monthly,UPI,Yes,2,13,2,3,1
C2210,19,Female,East,Premium,83.82,34,0,47.2,Monthly,Card,No,7,4,0,4,1
C2211,70,Male,West,Premium,66.44,20,0,54.9,Quarterly,Card,Yes,unknown,0,5,5,0
C2212,42,Female,South,Standard,41.48,,3,47.6,Monthly,Bank Transfer,Yes,6,4,1,2,0
C2213,35,Male,West,Standard,45.93,1,6,44.4,Quarterly,Cash,No,1,21,2,2,1
C2214,37,Male,N/A,Basic,12.2,34,5,32.8,Quarterly,Cash,Yes,4,14,0,1,0
C2215,23,Male,South,Premium,75.13,8,4,64.5,Quarterly,Bank Transfer,,4,14,5,5,0
C2216,40,Male,North,Standard,49.05,4,1,39.9,Monthly,Bank Transfer,No,6,0,0,1,0
C2217,37,Male,West,Premium,85,9,0,68.9,Monthly,Card,No,5,0,2,3,0
C2218,45,Female,Central,Standard,39.83,66,0,37.8,Monthly,Bank Transfer,No,7,0,1,3,0
C2219,30,Female,West,Standard,39.74,4,2,33.3,Monthly,Card,Yes,8,1,1,2,0
C2220,39,Male,West,Basic,15.62,11,1,48.4,Monthly,Bank Transfer,No,7,0,0,1,0
C2221,39,Male,West,Basic,16.02,11,7,43,Yearly,Card,No,6,15,0,3,0
C2222,23,Male,N/A,Standard,35.56,48,NaN,49,Yearly,Card,No,7,12,0,2,0
C2223,33,Male,,Standard,35.54,8,1,__12.8__,1,UPI,No,1,4,0,3,0
C2224,50,Male,North,Premium,71.66,9,5,68,Yearly,Card,1,7,0,0,2,0
C2225,20,Female,North,Standard,47.72,2,0,"""53.4""",Yearly,Card,No,8,17,5,3,0
C2226,,Male,West,Basic,unknown,56,9,47.7,Monthly,UPI,,2,19,1,3,1
C2227,27,Male,East,Standard,62.28,11,1,49.9,Yearly,Card,Yes,3,2,1,2,0
C2228,40,Male,East,Premium,70.19,25,4,46.3,Monthly,Bank Transfer,No,4,12,3,3,0
C2229,26,Female,West,Standard,37.7,30,,28.5,Quarterly,Card,No,1,41,0,2,1
C2230,33,Male,South,Premium,67.23,29,4,67.6,Yearly,Card,No,9,0,2,3,0
C2231,63,Non-binary,unknown,Basic,18.12,5,1,__31.1__,Monthly,Bank Transfer,Yes,5,9,0,2,0
C2232,18,Male,East,Standard,38.63,1,2,52.6,Monthly,UPI,Yes,7,15,0,2,0
C2233,32,Female,Central,Premium,83.13,9,NaN,64.9,Monthly,UPI,No,5,15,1,2,1
C2234,43,Female,East,Basic,26.81,59,5,"""""",Monthly,UPI,No,5,1,2,2,0
C2235,24,Female,East,Basic,__21.61__,49,4,31.6,Monthly,Card,Yes,3,2,1,2,0
C2236,47,Male,South,Standard,35.97,10,0,33.6,Yearly,UPI,No,7,6,3,3,0
C2237,47,Female,,N/A,8.5,2,4,"""24.6""",Monthly,Card,Yes,6,24,1,3,0
C2238,33,Male,East,Standard,48.22,45,3,32.7,__value__,Bank Transfer,Yes,6,0,0,2,0
C2239,18,Male,North,Standard,57.29,29,3,51.2,Monthly,Card,Yes,6,9,0,1,0
C2240,19,Female,South,Premium,62.67,6,4,50.5,Quarterly,Bank Transfer,Yes,8,7,3,5,0
C2241,33,Male,East,Basic,19.15,5,3,40.1,Monthly,Card,0,2,16,0,2,1
C2242,43,Male,South,Standard,50.49,1,0,62.9,Monthly,Bank Transfer,Yes,6,13,3,2,0
C2243,32,Male,East,Basic,18.01,24,7,46,Yearly,Bank Transfer,Yes,4,1,2,4,0
C2244,59,Male,South,Basic,13.54,16,7,40.2,Monthly,Bank Transfer,Yes,8,12,3,3,0
C2245,57,Female,West,Standard,38.58,72,4,NaN,Quarterly,Card,No,4,7,3,2,0
C2246,36,Male,West,Premium,70.15,28,2,61.4,3,Card,No,10,0,2,3,0
C2247,32,Female,East,Basic,22.35,24,5,22.8,Monthly,Card,Yes,3,14,2,3,0
C2248,44,Male,East,3,65.61,8,5,"""60.0""",Yearly,Bank Transfer,Yes,7,18,2,3,0
C2249,40,Male,Central,Basic,26.99,6,5,55.1,Monthly,Card,Yes,7,26,unknown,2,0
C2250,36,Female,Central,Standard,50.01,45,0,40.2,Yearly,UPI,Yes,8,0,0,3,0
C2251,39,Male,East,Premium,82.66,29,2,59.7,Quarterly,Bank Transfer,Yes,4,4,0,2,0
C2252,41,Female,,Basic,8.5,,5,51.2,Monthly,Card,No,3,4,0,2,0
C2253,29,Female,North,Basic,21.23,NaN,3,46.2,Monthly,Bank Transfer,Yes,6,0,1,3,0
C2254,35,Female,Central,Basic,28.91,18,10,41.5,Yearly,Card,No,4,30,1,2,0
C2255,44,Female,Central,Premium,74.41,39,1,__75.1__,Monthly,Card,No,3,3,0,3,0
C2256,43,Male,West,Basic,33.41,26,5,39.8,,__value__,Yes,4,unknown,0,3,0
C2257,44,Male,North,Standard,"""""",27,2,51.6,Monthly,UPI,Yes,7,0,2,2,0
C2258,35,Female,East,Standard,45.71,19,2,39.7,Yearly,UPI,No,8,0,2,1,0
C2259,52,Female,Central,Standard,47.31,9,0,41.7,Monthly,Card,Yes,9,3,0,4,0
C2260,18,Male,South,Basic,27.01,30,,28,1,Cash,No,4,5,2,1,0
C2261,44,Female,South,Basic,10.21,56,2,33.9,Monthly,Bank Transfer,Yes,5,0,3,2,0
C2262,43,Male,East,Basic,29.85,42,5,53.7,Monthly,Card,Yes,3,8,1,1,0
C2263,31,Male,East,Basic,8.5,2,5,37.8,Monthly,Card,Yes,5,0,2,2,0
C2264,55,Female,South,Standard,"""""",14,4,56.2,Monthly,UPI,No,4,19,1,3,0
C2265,33,,South,Premium,64.83,9,3,38.2,Quarterly,UPI,No,2,20,1,4,0
C2266,21,Male,Central,Standard,54.83,51,3,39.6,Quarterly,UPI,No,6,0,3,2,0
C2267,28,Female,West,Standard,33.45,15,2,52,Yearly,Card,Yes,6,7,unknown,3,0
C2268,,Male,South,Premium,74.21,10,0,"""61.8""",Monthly,Bank Transfer,No,1,17,3,3,0
C2269,35,Male,East,Basic,14.55,38,5,33.9,Quarterly,Card,No,6,0,1,3,0
C2270,46,Male,South,Premium,"""70.55""",11,3,61.2,Monthly,Card,0,__7__,6,1,4,0
C2271,41,Male,East,Basic,15.27,12,6,36.4,Quarterly,UPI,Yes,6,14,3,3,0
C2272,56,Male,North,Basic,21,1,0,18.4,Monthly,UPI,Yes,6,2,1,1,0
C2273,28,Female,East,Basic,21.94,19,4,56.2,Quarterly,UPI,Yes,3,8,1,3,0
C2274,36,Male,North,Basic,8.5,40,,69.4,Monthly,Card,Yes,5,12,2,1,0
C2275,49,Male,East,Premium,,3,3,56.8,Monthly,Cash,Yes,unknown,19,0,4,0
C2276,27,Female,East,Basic,"""25.34""",3,6,64,Quarterly,UPI,No,2,14,2,4,0
C2277,18,Male,West,Basic,8.7,9,6,55.5,Monthly,Card,No,,6,0,3,1
C2278,26,Female,Central,Basic,13.38,2,7,38.7,Monthly,,Yes,4,9,1,2,0
C2279,31,Male,East,Standard,44.19,2,1,52.3,Monthly,Cash,No,4,11,__1__,2,0
C2280,43,Female,North,Standard,25.29,13,2,41.4,1,UPI,1,5,3,0,2,0
C2281,18,Female,South,Standard,36.37,29,1,57.2,3,Bank Transfer,No,9,0,3,2,0
C2282,44,Female,Central,Premium,72.28,8,0,50.2,Yearly,Card,No,8,1,3,3,0
C2283,36,Non-binary,Central,Premium,73.24,3,2,50.1,Monthly,Cash,,7,4,2,2,0
C2284,23,Non-binary,South,Premium,68.9,2,1,40.1,Monthly,UPI,No,9,13,5,2,0
C2285,46,Male,North,Basic,8.5,21,4,26.9,Yearly,Card,Yes,2,15,0,1,0
C2286,34,Female,Central,Basic,35.16,4,7,40.7,Monthly,Card,No,3,27,0,2,1
C2287,41,Male,East,Standard,39.65,36,1,unknown,Monthly,Cash,No,7,0,2,2,0
C2288,35,Male,North,Standard,45.56,3,1,16.6,Yearly,Card,No,7,0,6,3,0
C2289,60,Female,West,Basic,8.5,2,5,45.4,Monthly,UPI,Yes,6,__0__,0,2,0
C2290,35,Male,Central,Basic,17.97,unknown,5,38.8,Monthly,Card,No,4,18,0,1,1
C2291,24,Female,North,Standard,39.29,9,1,46.7,Monthly,UPI,Yes,7,12,0,1,0
C2292,38,Female,South,Premium,89.44,3,NaN,70.6,Quarterly,Cash,No,4,3,0,2,0
C2293,51,Female,South,Premium,92.34,1,3,43.4,Quarterly,Card,Yes,4,28,4,4,0
C2294,29,Male,East,Standard,39.26,6,6,39.7,Monthly,Card,Yes,3,10,1,3,0
C2295,22,Male,West,Premium,79.94,19,3,45.8,Monthly,UPI,Yes,4,4,5,4,1
C2296,43,Female,Central,Basic,13.19,25,5,35.2,Monthly,Card,Yes,2,13,0,1,1
C2297,49,Male,South,Basic,8.5,17,6,38.4,Monthly,Card,No,1,17,0,2,1
C2298,33,Male,Central,Standard,46.07,8,6,54.7,Monthly,Card,No,4,23,0,2,1
C2299,38,Female,East,Basic,8.77,NaN,5,21.2,Monthly,Card,No,3,__0__,0,1,0
C2300,27,Female,West,Standard,37.15,55,3,26.6,Monthly,Card,Yes,4,0,2,2,0
C2301,47,Female,West,Standard,31.88,7,2,29.6,1,Bank Transfer,Yes,8,5,2,2,0
C2302,56,Female,East,Standard,34.12,7,0,18.9,Quarterly,UPI,Yes,6,0,0,2,0
C2303,40,Female,West,Basic,17.37,13,3,46.5,Monthly,UPI,No,6,2,1,1,0
C2304,24,Male,West,Standard,42.37,18,3,23.1,Monthly,Bank Transfer,No,5,7,0,1,0
C2305,29,Male,East,1,8.63,13,4,38.3,Yearly,UPI,No,4,7,3,3,0
C2306,42,Male,East,Standard,30.88,8,0,19.8,Monthly,Bank Transfer,Yes,5,0,2,1,0
C2307,28,Female,Central,Basic,22.58,14,8,18.6,Monthly,Bank Transfer,No,3,24,1,3,0
C2308,44,Male,West,Standard,60.41,21,1,30.1,Monthly,UPI,No,8,13,2,1,0
C2309,52,Male,Central,Standard,45.52,2,6,40.7,Monthly,UPI,No,4,14,1,2,1
C2310,34,Female,West,Basic,17.01,23,2,51.3,Yearly,Card,Yes,9,0,2,2,0
C2311,35,Male,Central,Standard,47.61,6,2,41.3,Monthly,unknown,Yes,9,3,1,2,0
C2312,19,Female,West,Basic,15.42,24,2,43.7,Monthly,Card,Yes,,4,0,1,0
C2313,34,Female,North,Basic,30.79,9,4,58,Yearly,Card,Yes,NaN,8,0,2,0
C2314,__26__,Male,South,Standard,44.88,26,1,39.8,Quarterly,Card,,1,25,2,3,0
C2315,35,unknown,East,Standard,38.11,9,4,45.6,Yearly,Cash,No,6,7,0,4,0
C2316,41,Female,,Premium,86.18,21,0,56.3,Quarterly,Card,Yes,8,0,2,3,0
C2317,29,Male,West,Standard,54.15,2,0,52.2,Quarterly,UPI,Yes,9,1,3,2,0
C2318,45,Female,South,Premium,71.99,51,5,53.7,__value__,Card,No,8,17,1,4,0
C2319,36,Male,West,Standard,43.59,34,1,51.9,Monthly,UPI,No,8,0,3,4,0
C2320,35,Male,North,Standard,34.64,20,3,35.8,Quarterly,Card,No,4,11,0,1,0
C2321,53,Male,South,Standard,29.51,15,3,36.2,Yearly,UPI,Yes,8,19,0,2,0
C2322,45,Female,West,Basic,13.4,52,2,50.2,Yearly,Bank Transfer,Yes,6,0,0,2,0
C2323,38,Non-binary,Central,Premium,75.68,24,,57.2,Yearly,Bank Transfer,unknown,4,28,1,3,0
C2324,21,,North,Basic,,15,2,23.5,Yearly,Bank Transfer,Yes,8,2,0,2,0
C2325,43,Female,West,,8.5,9,3,33.1,Monthly,Cash,Yes,6,0,0,1,0
C2326,50,Female,South,Premium,71.92,49,0,63.8,Monthly,Bank Transfer,Yes,8,0,2,4,0
C2327,38,Male,South,Basic,41.55,7,3,55.4,Monthly,Card,1,2,0,0,1,0
C2328,33,Female,South,,94.4,10,4,54.4,Quarterly,Card,1,3,8,0,5,1
C2329,30,Male,Central,2,44.13,14,3,29,Quarterly,UPI,No,6,0,1,4,0
C2330,36,Female,Central,Premium,81.24,2,0,62.4,Monthly,Card,Yes,5,6,1,3,1
C2331,23,Male,West,Premium,74.54,2,4,unknown,Yearly,UPI,No,4,14,0,2,0
C2332,40,Female,North,Standard,54.74,1,4,46.4,Monthly,Card,Yes,5,20,0,2,0
C2333,,Male,South,Basic,20.33,3,2,22.9,Monthly,Card,No,5,27,5,4,0
C2334,37,Female,East,Standard,49.69,12,5,32.4,Quarterly,Card,N/A,5,1,0,1,0
C2335,49,Female,East,Standard,42.01,13,2,36.7,Quarterly,Bank Transfer,Yes,7,0,4,3,0
C2336,19,Female,West,Premium,67.86,10,0,47.2,Yearly,Bank Transfer,Yes,7,3,2,3,0
C2337,35,Male,South,Standard,49.5,4,0,23.2,Yearly,UPI,Yes,10,11,0,1,0
C2338,43,Male,South,Basic,"""24.0""",9,8,41.5,Quarterly,UPI,Yes,4,24,0,3,0
C2339,62,Male,East,Premium,69.88,7,5,64.9,Yearly,UPI,Yes,7,13,1,3,0
C2340,34,Female,North,1,22.91,25,3,54.4,Monthly,__value__,No,5,5,0,2,1
C2341,__43__,Male,Central,Standard,44.56,4,2,28.1,Monthly,Bank Transfer,Yes,6,0,2,4,0
C2342,30,Female,Central,Standard,"""""",3,5,38.4,Monthly,Card,Yes,4,14,2,,0
C2343,43,Female,North,Standard,33.36,6,3,37.7,Yearly,UPI,No,8,3,3,3,0
C2344,35,Male,West,Basic,15.88,49,3,36.5,Monthly,UPI,No,4,18,0,3,0
C2345,46,Female,East,Premium,69.08,7,3,68.4,Yearly,Bank Transfer,No,5,9,0,1,0
C2346,30,,Central,Basic,17.18,unknown,4,42.1,Monthly,Card,No,6,10,0,3,0
C2347,45,Male,West,Basic,15.35,14,7,53,Yearly,Card,No,1,0,3,3,1
C2348,34,Male,North,Basic,29.66,32,4,49,Yearly,Bank Transfer,Yes,5,5,2,1,0
C2349,46,Female,East,Standard,38.5,8,0,27.5,Yearly,Bank Transfer,Yes,10,3,2,1,0
C2350,26,Female,East,Basic,23.27,27,6,38,Monthly,UPI,Yes,6,15,0,3,0
C2351,34,Female,West,Standard,53.26,6,0,30.2,Quarterly,Card,Yes,NaN,0,4,3,0
C2352,33,Female,West,Standard,26.12,4,1,50.3,Quarterly,Card,No,8,8,3,2,0
C2353,51,Non-binary,West,Premium,"""""",58,3,50.5,Yearly,Card,No,5,12,1,2,0
C2354,43,Male,West,Basic,21.62,3,4,43,Yearly,__value__,Yes,3,17,0,2,0
C2355,43,Female,West,Premium,56.29,19,4,48.4,Monthly,Bank Transfer,No,3,0,0,3,1
C2356,40,Female,North,unknown,88.25,1,1,64.4,Yearly,Card,No,7,NaN,3,3,0
C2357,36,Male,East,Basic,21.75,8,3,26,Monthly,UPI,Yes,3,2,0,2,0
C2358,18,Female,West,Standard,34.62,6,0,41.2,Monthly,Bank Transfer,No,7,0,0,1,0
C2359,34,Female,West,Basic,22.57,30,4,57.2,Monthly,Card,No,4,23,0,2,0
C2360,35,Male,North,Standard,48.95,3,5,34.8,Yearly,Card,Yes,7,21,0,3,0
C2361,21,Female,East,Standard,56.81,37,1,50.7,3,Bank Transfer,Yes,9,0,0,2,0
C2362,39,Male,South,Basic,NaN,22,6,54.5,Monthly,Cash,No,3,22,1,3,1
C2363,26,Female,West,Standard,__46.71__,11,0,26,Yearly,UPI,No,9,0,0,2,0
C2364,37,Male,Central,Basic,8.5,17,5,44.8,,Card,No,6,25,0,1,0
C2365,35,Non-binary,North,Premium,89.66,8,0,60.5,Monthly,Bank Transfer,unknown,7,3,3,4,0
C2366,45,Female,East,Basic,11.47,1,6,56.5,Monthly,Card,No,4,3,1,2,1
C2367,29,Female,South,Basic,21.87,3,6,42.5,Quarterly,Bank Transfer,No,3,4,3,1,1
C2368,25,Female,South,Standard,52.99,15,4,48.1,Monthly,Card,Yes,5,7,0,2,0
C2369,41,Male,North,Basic,NaN,1,8,58.8,Quarterly,UPI,Yes,5,15,0,1,0
C2370,28,Female,South,Premium,84.75,41,3,52,Yearly,Card,Yes,5,5,1,3,0
C2371,21,Female,North,Basic,19.38,,5,38.1,Quarterly,Bank Transfer,No,6,29,0,2,0
C2372,44,Female,West,Standard,41.32,30,3,39,Monthly,Cash,Yes,6,14,1,2,0
C2373,37,Female,Central,3,76.44,4,3,48,Yearly,Bank Transfer,Yes,6,0,0,1,0
C2374,23,Male,West,2,42.46,23,3,28.6,Monthly,Card,Yes,6,11,2,NaN,0
C2375,43,Female,South,Premium,84.26,8,3,55.4,Quarterly,UPI,1,9,0,0,3,0
C2376,28,Male,East,Basic,10.65,6,4,39.9,Yearly,UPI,1,5,4,0,2,0
C2377,41,Female,unknown,Premium,69.89,19,1,46.6,Yearly,Bank Transfer,Yes,7,3,1,1,0
C2378,34,Male,West,Premium,73.21,2,4,39.5,Yearly,Cash,No,7,10,2,5,0
C2379,26,Male,North,Basic,22,__10__,7,48.5,Monthly,Cash,Yes,4,32,0,3,0
C2380,24,Male,West,Standard,50.16,3,0,55.7,Monthly,Card,Yes,9,5,2,3,0
C2381,47,Female,Central,Basic,22.48,12,5,37.4,Yearly,Bank Transfer,No,3,22,0,1,1
C2382,46,Male,West,Premium,62.15,5,0,69.4,Yearly,Card,Yes,6,5,1,3,0
C2383,42,Male,Central,Premium,"""73.46""",9,2,53.4,Monthly,N/A,Yes,5,12,3,5,0
C2384,NaN,Female,East,Standard,53.49,13,2,46.9,Monthly,UPI,No,7,0,1,1,0
C2385,46,Male,Central,Standard,41.35,44,4,34.2,Quarterly,Card,No,5,1,2,2,0
C2386,44,Female,North,Basic,21.43,22,0,41.8,Yearly,Cash,Yes,10,4,2,3,0
C2387,55,Male,Central,Premium,64.86,1,0,"""62.0""",1,Cash,No,4,3,2,3,1
C2388,59,Male,West,Standard,57.59,43,0,44.6,1,UPI,Yes,5,0,0,1,0
C2389,18,Male,South,Basic,,6,4,54.3,Monthly,UPI,Yes,7,unknown,0,1,0
C2390,44,Male,West,Standard,38.48,23,4,31,Yearly,UPI,Yes,4,12,0,3,0
C2391,19,Male,North,Basic,8.5,72,4,49.3,Monthly,Bank Transfer,Yes,4,0,1,4,0
C2392,54,Male,North,Premium,64.82,10,0,53.2,Monthly,UPI,No,7,0,1,2,0
C2393,47,Male,North,Premium,70.93,13,0,58.4,Yearly,Card,No,7,0,2,3,0
C2394,27,Male,South,Standard,55.29,72,0,21.1,2,Card,Yes,7,0,3,3,0
C2395,18,Male,West,Standard,37.83,16,1,32.9,Quarterly,Card,Yes,6,0,1,2,0
C2396,18,Female,West,Basic,8.5,13,5,57.8,Monthly,Bank Transfer,No,3,8,1,1,1
C2397,20,Male,East,Premium,81.12,2,3,__37.3__,Yearly,Card,,8,8,2,3,0
C2398,21,Female,West,Basic,16.72,1,4,36.4,Monthly,UPI,,3,23,0,2,1
C2399,25,Male,West,Standard,unknown,10,3,63,Quarterly,UPI,Yes,3,16,2,3,0
C2400,43,Female,West,Basic,8.5,13,2,23,Monthly,Cash,No,5,3,0,2,0
C2401,46,Male,Central,Basic,27.61,3,1,35.3,Yearly,Card,No,8,12,0,2,0
C2402,35,Female,West,Basic,12.63,4,4,42.3,Yearly,Card,Yes,7,21,0,2,0
C2403,19,Female,South,Premium,75.63,2,4,42.3,Monthly,Card,Yes,1,4,1,4,1
C2404,52,Male,East,Basic,23.03,36,3,53.7,Quarterly,UPI,Yes,9,0,2,2,0
C2405,25,Female,Central,2,51.22,17,5,37.7,Monthly,UPI,Yes,4,23,0,2,0
C2406,59,Female,North,Basic,29.93,3,,45.9,Quarterly,Bank Transfer,Yes,4,18,0,2,0
C2407,33,Male,Central,Basic,13.52,"""""",5,31.8,Quarterly,Card,Yes,4,NaN,1,3,1
C2408,unknown,Female,West,Basic,__18.6__,27,__5__,26.4,Monthly,UPI,1,1,15,3,,0
C2409,__24__,Male,South,Premium,73.9,3,3,36.7,Monthly,Card,Yes,10,7,1,2,0
C2410,33,Male,Central,Basic,15.78,23,1,36.4,Yearly,Bank Transfer,Yes,4,0,0,2,0
C2411,42,Male,North,Standard,45.98,16,0,47.7,Monthly,Card,Yes,1,8,4,3,0
C2412,25,Female,South,Premium,92.24,15,3,56.6,Monthly,Bank Transfer,No,2,4,0,3,0
C2413,52,Male,West,Standard,55.28,15,3,"""49.9""",Monthly,Card,Yes,7,6,0,3,0
C2414,44,Male,North,Basic,16.18,10,5,38.3,Yearly,UPI,Yes,6,9,0,1,0
C2415,23,Non-binary,Central,Basic,8.5,25,6,41.8,Monthly,Card,Yes,3,6,0,2,0
C2416,38,Female,South,Basic,12.5,2,4,39.6,Monthly,Card,No,4,16,0,2,1
C2417,42,Female,South,Basic,10.3,15,NaN,37.1,Monthly,UPI,1,4,0,2,1,0
C2418,25,Male,West,Standard,56.49,3,4,"""42.8""",Monthly,UPI,No,3,6,2,1,1
C2419,38,Female,North,Premium,87.27,14,0,46.3,Yearly,UPI,Yes,9,0,2,4,0
C2420,25,Female,Central,Standard,13.7,32,0,45,Monthly,Cash,N/A,9,0,5,1,0
C2421,51,Male,East,Basic,12.51,28,8,45.3,Quarterly,unknown,No,1,13,1,2,1
C2422,36,__value__,North,Basic,29.23,18,8,45,Monthly,Card,Yes,3,0,0,3,1
C2423,40,Male,North,Basic,18.69,10,6,33.7,Monthly,Bank Transfer,Yes,3,4,0,2,0
C2424,32,Female,South,Premium,91.65,10,3,62.2,Monthly,Cash,Yes,4,0,1,3,0
C2425,48,Female,West,Basic,32.84,21,3,51.3,Monthly,Bank Transfer,No,5,11,2,2,0
C2426,48,Male,West,2,30.82,12,3,20.8,Yearly,Bank Transfer,No,7,0,1,2,0
C2427,39,Female,North,Standard,"""56.75""",10,4,"""44.7""",Yearly,Card,Yes,7,5,0,1,0
C2428,27,Female,East,Standard,33.42,2,1,,Monthly,UPI,No,8,0,,1,0
C2429,36,Female,Central,3,62.92,4,0,45.4,Monthly,Bank Transfer,No,unknown,21,5,3,0
C2430,29,Female,East,Basic,33.76,35,6,34.1,Monthly,UPI,No,5,21,0,1,0
C2431,22,Female,South,Standard,37.76,20,1,30.6,Yearly,UPI,1,8,12,1,3,0
C2432,40,Female,North,Standard,44.36,34,0,37.9,Monthly,Bank Transfer,Yes,__9__,0,1,2,0
C2433,40,Male,East,Basic,25.08,16,4,34.9,Monthly,UPI,Yes,5,8,1,1,0
C2434,34,Female,West,Standard,45.62,5,4,31.7,Quarterly,Cash,Yes,3,0,1,1,0
C2435,39,Male,West,Premium,71.54,12,3,50.6,Monthly,Cash,Yes,6,12,1,4,1
C2436,44,Female,Central,1,8.5,31,6,48.6,Quarterly,Bank Transfer,No,3,26,0,3,0
C2437,"""""",Female,West,Basic,10.09,32,3,14,Monthly,UPI,Yes,9,1,4,2,0
C2438,50,Female,Central,Standard,57.55,22,3,49.8,Monthly,Bank Transfer,Yes,__8__,9,0,1,0
C2439,49,Non-binary,West,1,unknown,10,2,48.5,Monthly,Bank Transfer,No,2,17,0,2,0
C2440,20,Non-binary,South,Standard,33.23,1,4,37.3,Monthly,Card,Yes,1,17,0,2,1
C2441,25,Male,North,Standard,42.47,9,4,37,Monthly,UPI,No,5,2,1,2,0
C2442,47,Female,North,Standard,45.78,13,2,53.6,Monthly,Bank Transfer,Yes,5,0,2,1,0
C2443,48,Male,West,Standard,39,23,2,32.6,Monthly,Bank Transfer,Yes,4,13,0,3,0
C2444,32,Female,West,Premium,71.09,1,3,55.4,Monthly,Bank Transfer,No,6,15,1,4,0
C2445,35,Male,South,Standard,40.45,43,8,36,Quarterly,Card,Yes,1,19,2,3,0
C2446,43,Male,West,Basic,8.96,36,5,3,Yearly,Bank Transfer,Yes,5,21,1,3,0
C2447,28,Male,South,Premium,86.64,12,4,67.8,Yearly,Bank Transfer,No,4,15,3,3,1
C2448,23,Male,East,Standard,47.06,22,2,53.8,Monthly,Bank Transfer,Yes,5,0,1,3,0
C2449,29,Female,South,Premium,72.33,62,0,58.6,1,Bank Transfer,Yes,7,0,1,4,0
C2450,41,Male,Central,Premium,71.23,9,3,69.9,Monthly,Card,Yes,5,6,2,3,1
C2451,46,,North,Basic,12.59,27,4,60,1,Card,No,3,13,2,2,0
C2452,39,Male,South,Basic,11.35,42,4,38.7,Monthly,Card,Yes,2,17,1,__2__,0
C2453,40,Female,North,Premium,75.87,22,,60.8,Yearly,Bank Transfer,Yes,9,2,3,4,0
C2454,NaN,Female,West,Basic,8.5,5,__6__,29.6,Quarterly,Card,No,4,"""""",2,2,1
C2455,48,Non-binary,Central,3,87.47,46,4,67.9,Yearly,Card,Yes,7,7,0,4,0
C2456,40,Female,N/A,Premium,73.82,68,1,63.7,Quarterly,UPI,No,9,0,2,3,0
C2457,46,Male,East,Standard,40.05,47,1,27.9,Monthly,Cash,No,8,NaN,6,4,0
C2458,31,Female,East,Premium,71.93,72,0,54.4,Monthly,Card,Yes,9,0,2,4,0
C2459,45,Male,West,Premium,75.33,26,0,68.7,Quarterly,UPI,Yes,9,7,0,3,0
C2460,36,Female,North,Premium,70.3,7,0,47.1,Monthly,Card,Yes,9,0,1,1,0
C2461,22,Male,Central,Basic,18.63,57,6,34.9,Quarterly,Card,Yes,6,3,0,1,0
C2462,36,Female,Central,Standard,32.67,22,2,38.2,Yearly,,0,4,0,2,2,0
C2463,18,Male,South,Basic,8.5,10,2,36.4,Monthly,UPI,No,4,11,0,2,1
C2464,33,Male,West,Basic,19.39,12,4,34.1,Quarterly,UPI,Yes,4,0,0,2,0
C2465,unknown,Female,West,Basic,19.11,21,6,33.1,Yearly,UPI,1,8,10,3,2,0
C2466,34,Male,North,Standard,49.49,11,0,44.1,Monthly,Bank Transfer,No,6,0,2,1,0
C2467,32,Male,Central,Premium,72.94,3,5,75.5,Quarterly,Bank Transfer,Yes,5,34,0,3,0
C2468,49,Female,South,Standard,45.27,1,0,31,Yearly,__value__,No,8,0,4,1,0
C2469,50,Male,unknown,Premium,81.43,2,2,58.3,Monthly,Bank Transfer,Yes,3,23,2,3,1
C2470,26,Female,West,2,31.76,12,2,52,1,Card,No,6,9,0,2,1
C2471,35,Female,East,Standard,37.59,10,3,36.1,Yearly,Card,No,6,26,0,2,0
C2472,42,Male,East,Basic,19.68,30,9,38.9,Monthly,Card,No,1,10,2,1,0
C2473,45,Male,Central,Premium,,19,1,59.1,Monthly,Card,Yes,4,12,0,2,0
C2474,37,Female,Central,Basic,30.59,1,7,40.7,Monthly,UPI,No,3,18,0,2,0
C2475,33,Male,South,Standard,"""42.05""",18,3,41.5,Yearly,Cash,,9,0,2,2,0
C2476,48,Female,South,Premium,83.33,10,0,,Monthly,Cash,Yes,9,0,3,3,0
C2477,45,Female,East,Standard,38.87,42,2,41.5,Monthly,Bank Transfer,Yes,6,5,0,2,0
C2478,34,Male,South,Premium,79.68,__9__,1,63.3,Monthly,Card,Yes,5,6,0,3,0
C2479,47,Female,North,__value__,17.09,37,5,35.2,Monthly,Card,Yes,3,12,0,2,0
C2480,37,Male,North,Premium,74.75,24,0,61,Quarterly,UPI,Yes,7,,0,3,0
C2481,26,Female,East,Standard,49,13,2,35.2,N/A,Card,1,7,0,0,2,0
C2482,34,Male,East,Premium,76.29,34,2,60.6,Yearly,__value__,Yes,4,28,3,4,0
C2483,18,Male,South,Premium,67.34,8,1,49.4,Monthly,UPI,Yes,10,0,2,5,0
C2484,39,Female,East,3,76.37,45,1,59.2,Quarterly,Cash,Yes,4,0,4,2,0
C2485,35,Male,East,Basic,15.81,32,5,48.5,Monthly,Bank Transfer,Yes,3,2,1,1,0
C2486,35,N/A,North,Basic,13.5,7,5,27.1,Monthly,Card,Yes,1,19,0,1,0
C2487,24,Female,West,Premium,77.04,5,0,53.8,Yearly,Bank Transfer,Yes,9,0,3,3,0
C2488,45,Male,Central,Premium,,16,3,64,Monthly,UPI,Yes,1,8,2,3,0
C2489,23,Female,West,Premium,64.89,10,,48.5,Monthly,Bank Transfer,Yes,3,15,1,3,0
C2490,unknown,Female,Central,Basic,8.68,43,4,41.3,Quarterly,Card,Yes,4,0,0,2,0
C2491,47,Male,East,Basic,21.97,18,6,6.5,Monthly,Card,Yes,5,14,0,2,0
C2492,50,Male,Central,Premium,__61.55__,15,5,58.4,Yearly,UPI,Yes,6,19,,2,0
C2493,19,Male,North,Basic,21.42,5,4,29.6,Monthly,__value__,No,4,13,3,2,0
C2494,30,unknown,Central,Standard,36.88,15,2,35.1,Monthly,Cash,No,3,25,1,2,1
C2495,46,Female,East,Premium,68.17,2,2,44.1,Monthly,unknown,Yes,5,2,4,4,0
C2496,46,Male,South,Basic,24.22,17,4,58.4,Monthly,UPI,Yes,3,8,0,2,0
C2497,unknown,Male,Central,Basic,12.51,1,7,33.1,Quarterly,Card,No,3,10,0,2,1
C2498,__48__,Female,East,Premium,82.4,8,5,69.6,Quarterly,Card,Yes,2,11,0,3,1
C2499,48,Male,West,Standard,45.01,6,1,42.7,Monthly,UPI,Yes,4,6,2,2,0
C2500,29,Male,South,Premium,73.69,33,0,41,1,Card,No,6,12,1,2,0
C2501,32,Male,West,Basic,19.44,6,2,36.8,Monthly,Bank Transfer,No,4,0,0,1,0
C2502,36,Male,North,Standard,41.48,3,0,51.6,3,Bank Transfer,Yes,8,0,1,2,0
C2503,39,Male,West,Basic,19.24,20,6,33.7,Yearly,Cash,Yes,6,14,0,2,0
C2504,24,Female,South,Premium,61.68,1,1,48.2,Quarterly,Card,,2,0,0,3,1
C2505,18,Male,West,Premium,75.12,9,2,42.5,Yearly,Card,Yes,5,0,0,4,0
C2506,38,Female,East,Basic,14.74,3,5,41.2,Monthly,Card,Yes,1,24,1,4,0
C2507,37,Male,West,Standard,33.76,45,3,,Monthly,Bank Transfer,N/A,5,0,1,2,0
C2508,30,Male,Central,Standard,26.38,13,0,54.2,Quarterly,Cash,Yes,6,0,0,1,0
C2509,47,Female,South,Standard,54.09,1,3,32.8,Yearly,UPI,Yes,5,0,3,2,0
C2510,34,Female,South,Basic,11.58,23,7,53.8,Monthly,Bank Transfer,Yes,5,7,0,1,0
C2511,30,Female,,Basic,33.15,19,5,23.3,Yearly,Bank Transfer,No,6,0,1,4,0
C2512,40,Female,North,Basic,10.11,17,3,44.5,Yearly,Bank Transfer,Yes,"""""",6,0,1,0
C2513,44,Male,Central,Standard,47.36,27,6,36,Monthly,Bank Transfer,Yes,2,20,0,1,1
C2514,44,Male,East,Standard,34.01,8,0,61.3,Quarterly,Cash,Yes,7,9,4,3,0
C2515,34,Female,South,Basic,17.86,24,2,33.3,Monthly,Card,Yes,5,0,0,3,1
C2516,18,__value__,North,Basic,22.65,4,2,,__value__,Card,Yes,8,4,1,3,0
C2517,23,Female,West,Basic,14.5,2,6,31.1,Quarterly,Cash,No,1,2,0,2,1
C2518,40,,South,Basic,23.55,8,8,62.7,Monthly,Bank Transfer,Yes,1,21,0,1,1
C2519,37,Female,West,Standard,52.88,4,3,39.9,Quarterly,Bank Transfer,No,2,22,1,1,1
C2520,49,Female,,Premium,82.55,45,0,59.2,Quarterly,Bank Transfer,Yes,8,5,5,5,0
C2521,29,Male,West,Premium,86.75,11,3,33.6,Yearly,Cash,Yes,5,14,2,3,0
C2522,20,Male,South,Standard,"""35.8""",31,1,51.2,Monthly,UPI,No,7,0,0,1,0
C2523,43,Male,Central,Standard,28.69,20,2,31.3,Yearly,Bank Transfer,No,8,0,2,1,0
C2524,44,Female,North,Premium,72.96,28,3,67.5,Monthly,,No,6,0,1,3,0
C2525,21,Female,West,Basic,8.5,34,4,"""45.7""",Monthly,Bank Transfer,No,4,10,0,1,0
C2526,37,Female,North,Standard,36.57,,2,46.2,Yearly,Card,No,6,22,2,3,0
C2527,33,Female,West,Basic,38.92,6,,49.2,Yearly,unknown,No,6,20,1,2,0
C2528,41,Female,Central,Basic,13.42,19,8,45.9,Yearly,Card,Yes,6,5,1,2,0
C2529,18,Female,Central,Basic,26,6,5,29.4,Yearly,Card,Yes,3,20,0,2,1
C2530,28,Male,North,Standard,53.02,1,3,NaN,Monthly,Card,Yes,3,24,2,1,1
C2531,36,Female,Central,Standard,25.45,12,1,59.5,Monthly,Bank Transfer,Yes,9,4,1,1,0
C2532,41,Male,South,1,8.5,22,2,24.9,Yearly,UPI,No,5,20,1,2,0
C2533,44,Female,East,Basic,18.43,17,8,34.8,Monthly,UPI,1,2,16,0,1,1
C2534,45,Female,North,Standard,35.25,3,1,37,Yearly,Bank Transfer,Yes,8,6,0,2,0
C2535,32,Male,South,Basic,10.14,16,4,52.6,Quarterly,Bank Transfer,No,3,8,0,2,1
C2536,18,Male,Central,Standard,30.68,13,0,40.1,Monthly,Bank Transfer,Yes,5,3,1,3,0
C2537,26,Female,South,Standard,40.45,6,0,41.6,Monthly,UPI,No,5,0,2,2,0
C2538,28,Male,South,Premium,70.97,30,2,65.3,Monthly,Bank Transfer,Yes,4,13,1,1,0
C2539,18,Male,East,2,38.13,10,4,35,Yearly,UPI,Yes,5,14,1,2,0
C2540,26,Female,North,__value__,8.9,16,3,31.8,Monthly,UPI,Yes,3,0,0,3,1
C2541,38,Female,North,Basic,32.49,11,7,43.7,Monthly,Bank Transfer,Yes,1,31,1,2,1
C2542,19,Female,Central,Premium,__63.35__,72,NaN,25.1,Quarterly,UPI,Yes,8,0,4,4,0
C2543,40,Male,Central,Basic,17.32,59,4,62.1,Monthly,unknown,__value__,4,5,1,1,0
C2544,31,Male,West,Basic,38.89,63,3,52.4,Yearly,Bank Transfer,Yes,5,0,0,1,0
C2545,46,Female,East,Premium,"""73.89""",1,3,54.9,Monthly,UPI,,6,14,0,2,0
C2546,31,Female,West,Standard,31.88,19,3,46.4,Yearly,Card,Yes,7,34,2,3,0
C2547,51,Male,South,Basic,30.01,18,5,45.3,Yearly,Bank Transfer,No,6,12,0,3,0
C2548,44,Female,East,,27.79,22,5,60.1,Monthly,Bank Transfer,Yes,6,18,0,3,0
C2549,60,Female,North,1,30.17,15,9,__20.2__,Yearly,Card,unknown,3,27,0,2,1
C2550,44,Male,East,Basic,22.72,72,5,49.5,Monthly,Card,No,1,0,0,2,0
C2551,43,Male,South,Premium,73.32,9,5,54.1,Yearly,Card,Yes,1,10,1,4,0
C2552,33,Female,South,Standard,50.77,4,1,28.5,Quarterly,Bank Transfer,No,6,4,0,2,0
C2553,28,Male,South,Basic,25.28,14,3,51.4,Yearly,Card,Yes,7,NaN,2,3,0
C2554,39,Male,South,Standard,"""""",11,5,43.7,Yearly,UPI,No,8,0,0,3,0
C2555,45,Female,West,Basic,9.92,13,5,52.5,Quarterly,Bank Transfer,Yes,7,13,2,2,0
C2556,22,Female,North,3,72.39,22,0,38.3,Yearly,UPI,Yes,8,0,2,1,0
C2557,18,Male,East,Basic,19.13,4,4,50.6,Yearly,Card,Yes,6,6,0,3,0
C2558,33,Female,West,Basic,40.61,14,2,46.1,__value__,Card,No,4,12,0,1,0
C2559,61,Female,Central,Basic,26.84,23,4,38.2,Monthly,Bank Transfer,No,3,15,1,3,0
C2560,38,Male,West,Standard,38.37,19,0,53.4,Quarterly,Bank Transfer,Yes,8,11,1,1,0
C2561,43,Female,Central,Standard,47.41,21,3,__26.4__,Yearly,UPI,No,4,6,unknown,2,0
C2562,unknown,Female,South,Premium,"""75.08""",5,0,58.8,Yearly,Bank Transfer,Yes,6,14,0,3,0
C2563,42,Male,North,Premium,89.64,4,4,39.5,Monthly,Bank Transfer,Yes,6,0,2,5,0
C2564,59,Male,,Basic,26.3,41,4,37.8,Quarterly,Bank Transfer,No,3,20,0,2,0
C2565,23,Non-binary,North,Premium,71.53,34,0,56.1,Quarterly,UPI,No,7,2,3,3,0
C2566,36,Male,South,Basic,18.91,2,2,39.4,Yearly,,No,8,0,1,3,0
C2567,45,Female,North,Standard,45.34,1,2,52.2,Monthly,Bank Transfer,No,9,15,3,3,0
C2568,38,Female,North,Standard,41.38,20,2,50.3,Monthly,UPI,Yes,6,17,3,3,0
C2569,46,Female,Central,Premium,"""88.97""",2,2,52.9,Yearly,UPI,Yes,4,21,2,4,0
C2570,18,Male,East,Basic,"""18.5""",22,2,35.5,Monthly,UPI,Yes,4,0,1,4,0
C2571,45,Male,South,Basic,23.25,2,3,60.5,Monthly,Cash,Yes,9,11,0,1,0
C2572,43,Male,Central,Basic,,5,8,20.7,Yearly,UPI,Yes,5,16,3,3,0
C2573,29,Male,South,Standard,35.85,5,0,unknown,Monthly,Cash,Yes,7,15,0,1,1
C2574,56,Male,West,Basic,19.04,9,"""""",44.7,Monthly,Bank Transfer,No,4,20,3,2,1
C2575,36,Non-binary,East,,53.32,21,1,32.8,Yearly,Card,1,8,3,,1,0
C2576,39,Non-binary,unknown,Standard,45.12,15,0,35.2,Monthly,__value__,No,6,0,1,2,0
C2577,31,Female,West,Standard,39.76,8,4,42.5,Yearly,Bank Transfer,No,4,0,0,1,0
C2578,,Male,Central,Premium,69.83,19,2,47.1,Monthly,Card,No,10,0,3,3,0
C2579,39,Male,West,Standard,__34.87__,2,1,47.6,Yearly,UPI,Yes,6,0,0,2,0
C2580,43,Male,North,Premium,69.25,59,5,57.5,Yearly,Cash,No,4,12,3,3,0
C2581,44,Male,East,N/A,24.56,18,8,44.6,Monthly,Bank Transfer,Yes,1,30,2,3,1
C2582,31,Male,,Standard,43.63,3,,45.2,Monthly,Card,Yes,5,8,0,1,0
C2583,30,Male,North,Premium,76.58,8,4,47.3,Monthly,Card,Yes,6,8,4,4,0
C2584,39,Male,South,1,,34,5,25.5,Yearly,Card,No,5,0,2,3,0
C2585,48,Male,North,Premium,73.7,52,1,62.4,Monthly,Cash,Yes,6,8,1,3,0
C2586,18,Male,North,Standard,35.88,72,3,38.3,Yearly,Cash,No,7,4,3,3,0
C2587,31,Male,East,Standard,41.63,27,3,46.3,Quarterly,Card,No,6,10,3,2,0
C2588,37,Female,Central,Standard,34.76,3,4,24.5,Monthly,UPI,Yes,6,0,1,__1__,0
C2589,35,Male,South,Premium,76.18,24,0,48.8,Monthly,UPI,Yes,8,5,0,3,0
C2590,29,Female,North,Standard,26.73,8,4,22.2,,Card,Yes,1,16,1,1,0
C2591,48,Female,North,Premium,76.31,6,0,57.3,Monthly,Bank Transfer,Yes,7,0,0,4,0
C2592,28,Female,Central,Basic,21.17,9,5,32.9,Quarterly,Card,No,6,"""""",3,3,0
C2593,51,Male,West,Standard,47.64,7,2,36.5,Yearly,Card,Yes,8,23,0,3,0
C2594,55,Male,Central,Basic,13.64,19,0,52.7,Yearly,Bank Transfer,No,7,1,0,1,0
C2595,36,Female,South,Standard,33.37,14,7,52.2,Monthly,Card,Yes,4,31,0,2,1
C2596,26,Male,East,,38.88,47,3,51.7,Monthly,Bank Transfer,No,5,0,0,2,0
C2597,54,Male,East,2,36.09,50,3,56.3,Yearly,Bank Transfer,Yes,7,8,0,2,0
C2598,46,Female,South,Standard,34.83,1,1,57.3,Monthly,UPI,No,3,19,3,2,1
C2599,25,Female,Central,Standard,24.73,__1__,3,39.5,Monthly,Card,0,2,7,0,2,1
C2600,18,Female,West,Basic,NaN,30,5,36.9,Quarterly,UPI,,5,27,1,1,0
C2601,36,Male,South,Basic,"""17.06""",42,1,39,Monthly,Card,Yes,5,__9__,0,1,0
C2602,32,Female,South,Premium,67.39,47,1,54.7,Quarterly,Bank Transfer,No,6,0,3,4,0
C2603,27,Female,South,Basic,14.34,4,5,52.8,Monthly,Bank Transfer,Yes,2,34,0,2,1
C2604,44,Female,North,Standard,49.7,10,1,34,Monthly,Card,No,6,8,0,2,0
C2605,31,Female,Central,Standard,34.42,8,1,35.9,Yearly,Card,Yes,9,21,2,3,0
C2606,46,Male,Central,Basic,22.8,32,2,47.8,Monthly,Cash,No,6,4,0,unknown,0
C2607,32,Female,South,Basic,11.41,1,4,28.8,Monthly,UPI,Yes,1,17,0,4,0
C2608,18,Male,West,Basic,,72,5,38.5,Quarterly,UPI,Yes,2,1,0,2,0
C2609,18,Male,North,Standard,35.99,5,,22.6,Monthly,Card,No,,8,2,1,0
C2610,33,Female,Central,Basic,10.13,9,4,41.7,Monthly,Bank Transfer,No,6,7,2,2,0
C2611,35,Male,North,Premium,NaN,13,1,61.8,Monthly,UPI,No,5,8,0,1,0
C2612,25,Female,Central,Premium,80.1,4,1,67,Quarterly,Card,0,7,0,1,4,0
C2613,45,Male,North,Basic,,72,5,34.5,Monthly,Cash,Yes,7,0,1,1,0
C2614,26,Female,Central,Basic,21.12,5,6,,Quarterly,Card,Yes,3,28,0,3,0
C2615,54,Male,North,Basic,18.78,10,6,28.4,Quarterly,UPI,Yes,1,17,0,2,1
C2616,__42__,Male,South,Standard,44.02,29,1,38.1,Yearly,Card,No,6,7,0,2,0
C2617,27,Non-binary,West,Standard,34.38,26,2,30.7,Yearly,Card,Yes,7,16,1,1,0
C2618,35,Male,West,Premium,74.6,32,0,70.2,Quarterly,unknown,Yes,8,0,0,4,0
C2619,34,Female,Central,Basic,25.48,2,6,58.6,Yearly,UPI,No,6,13,0,3,0
C2620,39,Male,South,Standard,34.31,9,2,54.9,Monthly,Bank Transfer,No,4,3,0,3,0
C2621,42,Female,North,Standard,23.54,26,1,41.4,Monthly,Bank Transfer,Yes,10,0,0,2,0
C2622,40,Female,South,Premium,67.46,18,3,48.4,Quarterly,Bank Transfer,No,3,1,0,5,1
C2623,47,Male,East,Basic,30.11,11,4,39.2,Monthly,Card,Yes,5,0,0,2,0
C2624,31,Male,West,Premium,78.72,67,1,55.3,Quarterly,Card,No,6,1,0,3,0
C2625,26,Female,__value__,Standard,42.64,23,5,57.2,Monthly,Card,Yes,3,15,1,1,1
C2626,51,Male,East,Standard,53.26,47,0,38.3,Quarterly,UPI,Yes,8,0,0,3,0
C2627,35,Female,West,Standard,46,27,0,39.2,Quarterly,Bank Transfer,No,9,0,0,2,0
C2628,46,Female,South,Basic,17.45,1,4,25.8,Quarterly,UPI,No,4,20,0,2,0
C2629,34,Female,__value__,Basic,30.75,17,5,61.4,Monthly,Bank Transfer,No,1,20,1,2,1
C2630,36,Male,Central,Basic,32.3,15,6,35.2,Monthly,Cash,No,6,25,0,1,1
C2631,36,Female,East,Basic,18.03,4,3,28.6,Yearly,Bank Transfer,Yes,4,32,0,2,0
C2632,53,Male,West,Premium,74.41,2,5,50.6,Monthly,Card,Yes,4,0,3,3,0
C2633,37,Female,South,Premium,80.7,3,3,53.7,Quarterly,Card,Yes,6,0,1,4,0
C2634,23,Female,West,Basic,29.13,7,3,46.6,Yearly,Card,Yes,4,7,1,2,0
C2635,48,Female,North,Standard,unknown,36,0,26.4,Yearly,Card,Yes,10,0,2,2,0
C2636,35,Female,West,Standard,43.21,18,1,40,Monthly,Card,Yes,9,11,2,3,0
C2637,41,Male,West,Basic,15.44,22,4,35.2,Monthly,Card,No,"""""",4,0,2,0
C2638,18,,South,Basic,"""""",8,7,34.5,Yearly,Card,Yes,4,24,0,2,0
C2639,44,Male,Central,Premium,64.45,45,2,49.9,Monthly,Card,Yes,5,0,0,1,0
C2640,37,Male,South,Basic,23.05,19,2,49,Yearly,Card,No,8,12,4,3,0
C2641,36,Female,West,Basic,9.79,21,7,47.1,Yearly,Bank Transfer,Yes,8,9,3,3,0
C2642,33,Female,East,Premium,79.77,8,1,33.9,Monthly,Cash,No,3,14,4,4,0
C2643,41,Female,Central,Basic,"""12.81""",23,6,20,Monthly,UPI,No,2,15,3,3,1
C2644,21,Female,South,Standard,53.63,1,0,63.1,Yearly,Card,Yes,9,9,4,3,0
C2645,58,Female,Central,Standard,52.96,19,3,48,Monthly,Card,Yes,4,12,1,1,0
C2646,39,Male,East,Basic,14.39,1,4,37.7,Yearly,UPI,Yes,3,30,3,2,0
C2647,44,Male,North,Premium,70,5,1,71.4,Quarterly,Cash,No,7,12,3,3,0
C2648,32,Female,West,unknown,62.88,__40__,"""""",66,1,Card,No,5,0,3,3,0
C2649,29,Male,Central,Standard,38.8,2,0,38.8,Yearly,Bank Transfer,Yes,9,19,2,2,0
C2650,33,Female,Central,Basic,22.26,11,6,56.3,Monthly,Bank Transfer,Yes,2,25,2,1,1
C2651,37,Female,West,Standard,30.65,8,0,49.9,2,Card,Yes,10,0,0,2,0
C2652,26,Male,East,Basic,17.64,16,7,28.4,Monthly,Card,No,3,14,0,3,0
C2653,60,Male,North,Standard,27.3,32,3,37.2,Yearly,Card,Yes,7,13,0,4,0
C2654,33,Male,West,Basic,"""12.66""",15,2,29.9,Monthly,Card,No,5,0,2,3,0
C2655,35,Female,South,Premium,63.95,2,0,30.2,1,Bank Transfer,Yes,8,unknown,unknown,3,0
C2656,31,Female,North,Standard,44.07,3,0,20.6,Yearly,Card,Yes,7,0,1,2,0
C2657,44,N/A,West,Basic,26.7,30,3,48.4,Quarterly,Card,Yes,3,18,2,4,0
C2658,32,Male,East,Basic,20.63,25,7,39.1,Monthly,Card,Yes,1,25,1,4,0
C2659,41,Male,Central,Basic,14.84,2,6,53.3,Monthly,Card,No,5,11,1,2,1
C2660,46,Male,West,Standard,44.75,21,2,27.8,Monthly,UPI,Yes,,4,0,1,0
C2661,34,Female,East,Standard,30.78,49,6,unknown,Monthly,Bank Transfer,No,1,0,1,4,0
C2662,33,Male,South,1,30.44,1,,40.5,Monthly,Card,Yes,3,35,2,__4__,0
C2663,43,Female,West,Basic,18.06,6,2,58,Yearly,Bank Transfer,1,5,0,unknown,2,0
C2664,18,Female,South,Basic,20.67,34,4,46.3,__value__,Cash,No,7,0,2,1,0
C2665,40,Male,North,Standard,28.99,22,1,19.7,Monthly,Card,Yes,7,3,1,2,0
C2666,29,Female,South,Basic,8.5,3,6,47.5,Monthly,Bank Transfer,No,7,9,5,1,0
C2667,60,Male,East,Basic,15.14,10,6,55.8,Monthly,Card,No,5,9,0,2,0
C2668,36,Male,South,Basic,11.17,17,4,53.9,Monthly,Bank Transfer,Yes,5,14,0,2,0
C2669,44,Female,West,Premium,"""65.14""",5,3,unknown,Monthly,UPI,Yes,4,0,0,2,0
C2670,45,Female,Central,Basic,19.18,19,7,44.7,Quarterly,Card,No,3,2,3,2,0
C2671,38,Female,West,Premium,80.61,3,1,42.5,Quarterly,Card,No,4,0,1,2,1
C2672,41,Male,West,Basic,9.06,26,4,27.8,Yearly,UPI,Yes,7,19,0,"""""",0
C2673,33,Female,South,Basic,19.44,48,3,39,Monthly,Bank Transfer,Yes,6,17,1,3,0
C2674,70,Female,West,Standard,52.04,46,3,39.5,Monthly,Card,,6,6,0,2,0
C2675,36,Female,East,Standard,36.06,3,1,37.1,1,UPI,Yes,9,6,0,1,0
C2676,31,Female,North,Standard,44.33,8,1,40.7,Monthly,Bank Transfer,Yes,9,15,1,2,0
C2677,50,Male,West,Basic,14.89,1,6,25.8,Yearly,UPI,Yes,6,13,0,1,0
C2678,24,Female,East,Premium,81.41,3,1,51.5,Monthly,Bank Transfer,Yes,6,1,0,__2__,0
C2679,52,Male,North,Basic,20.05,39,5,50.6,Monthly,Card,Yes,3,17,0,2,0
C2680,,Male,Central,N/A,48,4,0,33.5,Quarterly,UPI,Yes,6,9,2,1,0
C2681,"""""",Female,East,Premium,86.02,7,0,55.4,Monthly,Card,No,9,9,2,3,0
C2682,31,Female,Central,Standard,55.34,21,3,44.5,Quarterly,UPI,Yes,6,0,0,4,0
C2683,34,Female,South,Premium,71.18,71,0,30.9,1,Bank Transfer,Yes,8,0,3,3,0
C2684,35,Female,North,Premium,85.3,1,3,71.5,Yearly,UPI,No,7,18,3,4,0
C2685,22,Male,East,Basic,9.67,,5,52.2,Monthly,UPI,No,1,5,0,1,1
C2686,43,Male,West,Basic,"""13.14""",1,"""""",41,Monthly,UPI,No,3,7,2,2,1
C2687,,Male,West,Premium,71.13,24,0,40,Quarterly,Bank Transfer,Yes,6,0,1,3,0
C2688,54,Female,South,3,80.2,5,1,"""41.8""",Yearly,Card,Yes,7,13,2,3,0
C2689,25,Female,South,Standard,38.74,3,0,24.2,Quarterly,Card,No,8,12,2,3,0
C2690,34,Female,South,Standard,46.54,27,0,31.6,Quarterly,Card,Yes,6,0,2,3,0
C2691,37,Female,East,Standard,NaN,62,4,31,Monthly,Bank Transfer,No,5,0,0,2,1
C2692,26,Female,South,Basic,,19,4,38.6,Quarterly,Bank Transfer,No,8,4,4,1,0
C2693,24,Female,South,Standard,46.49,4,0,28.1,Quarterly,UPI,Yes,6,10,0,1,0
C2694,32,Female,Central,Basic,15.29,28,4,58.1,Monthly,Card,No,3,6,2,4,0
C2695,22,Female,West,Standard,"""49.81""",72,3,28.9,Quarterly,Card,No,8,4,1,3,0
C2696,32,Male,South,Standard,35.95,18,0,73.1,Yearly,UPI,No,7,2,0,1,0
C2697,36,Male,Central,Basic,17.57,28,4,45.3,Quarterly,Card,No,3,0,0,2,0
C2698,28,Male,West,Premium,83.62,7,1,65.2,Quarterly,Card,No,4,0,3,2,0
C2699,29,Female,North,Premium,76.55,14,1,58.8,Monthly,Card,No,8,0,5,4,0
C2700,35,Female,North,Standard,50.83,31,3,37.5,Quarterly,Card,Yes,5,0,2,1,0
C2701,38,Female,South,Premium,,35,unknown,73.2,Monthly,Card,Yes,4,0,5,3,0
C2702,35,Male,Central,Standard,33.67,4,0,,Monthly,Card,Yes,8,5,1,3,0
C2703,37,Female,East,Basic,24.56,6,3,31.9,Monthly,Card,No,4,3,3,3,0
C2704,38,Male,East,Standard,32.86,35,0,39.9,Quarterly,Card,No,7,0,0,1,0
C2705,42,Male,South,unknown,26.78,49,5,44.3,Quarterly,Bank Transfer,No,3,7,0,2,0
C2706,24,Male,South,Basic,26.61,32,0,33.7,Yearly,Bank Transfer,No,2,13,1,3,0
C2707,__18__,N/A,East,Standard,47.44,9,4,36.7,unknown,Bank Transfer,Yes,4,8,3,2,0
C2708,18,Male,North,Standard,56.04,4,2,30.5,1,UPI,No,NaN,13,3,3,0
C2709,38,Non-binary,North,Basic,"""20.75""",22,4,41.2,Yearly,Cash,Yes,9,0,0,1,0
C2710,23,Male,North,Standard,__45.73__,10,2,NaN,1,Bank Transfer,Yes,6,0,1,3,0
C2711,40,Female,East,Basic,23.16,23,6,,Quarterly,Card,No,3,20,0,2,0
C2712,57,Male,South,Basic,17.43,44,4,46.6,Yearly,Card,Yes,7,4,0,2,0
C2713,49,Male,West,Basic,"""27.61""",18,3,42,Monthly,Card,Yes,4,11,4,3,0
C2714,45,Male,East,Basic,16.51,10,6,"""58.4""",Quarterly,Bank Transfer,No,3,18,0,1,1
C2715,25,Female,North,Standard,32.07,19,0,20.3,Monthly,Card,No,5,0,1,2,0
C2716,48,Male,East,Standard,51.96,4,2,44.1,Monthly,UPI,,6,1,1,1,0
C2717,52,Male,East,2,41.54,44,3,49.1,Quarterly,Card,Yes,2,6,0,3,0
C2718,33,Male,East,Standard,37.17,13,1,39.6,Yearly,Bank Transfer,No,5,0,0,3,0
C2719,58,Female,West,Standard,46.28,unknown,3,"""""",Monthly,Bank Transfer,No,7,,0,3,0
C2720,32,Female,North,Basic,,30,7,41.4,3,Card,Yes,2,7,1,2,0
C2721,26,Female,South,Basic,16.25,4,5,48.4,1,Card,No,1,8,2,1,1
C2722,47,Male,,Basic,8.5,2,3,23.8,Yearly,Cash,Yes,9,12,1,2,0
C2723,39,Female,North,Basic,27.94,23,6,47.2,Monthly,Card,Yes,2,10,1,3,0
C2724,37,Male,South,Basic,15.32,14,3,"""32.9""",Quarterly,Card,Yes,7,11,0,2,0
C2725,27,Female,West,Basic,29.59,51,6,40.4,Monthly,UPI,Yes,2,14,0,2,0
C2726,37,,West,Standard,24.9,49,2,45.6,Monthly,Bank Transfer,Yes,3,4,0,3,0
C2727,48,Male,North,Standard,45.11,8,unknown,45.3,Monthly,Bank Transfer,No,7,0,0,1,0
C2728,29,Female,West,Basic,8.91,24,5,49.2,Yearly,Card,Yes,5,14,1,2,0
C2729,39,Female,South,Standard,51.58,48,2,47.4,Monthly,Cash,Yes,5,0,0,1,0
C2730,38,Female,North,Premium,72.86,7,3,62.1,Monthly,Bank Transfer,Yes,6,0,1,2,0
C2731,23,Male,East,Basic,13.7,10,8,63.7,Quarterly,Card,No,2,27,1,3,0
C2732,33,Male,Central,Standard,23.78,19,0,32.4,Monthly,UPI,No,8,1,4,3,0
C2733,27,N/A,Central,Standard,39.15,4,3,__29.6__,Monthly,UPI,No,7,9,0,1,1
C2734,18,Female,East,Basic,23.76,11,2,44.8,Monthly,UPI,Yes,3,4,2,2,0
C2735,19,Female,South,Standard,37.27,51,2,41.3,Monthly,UPI,No,3,13,0,1,0
C2736,42,Male,East,Basic,8.5,10,1,,Monthly,Bank Transfer,Yes,8,0,2,1,0
C2737,54,__value__,East,2,37.92,6,0,46,Yearly,UPI,Yes,8,16,3,3,0
C2738,36,Male,North,Basic,13.63,5,7,27.8,Yearly,UPI,No,4,20,2,4,0
C2739,37,Male,West,2,39.72,19,6,45.1,Quarterly,Card,No,8,22,2,3,0
C2740,38,Male,West,Standard,35.63,2,0,47.8,Monthly,Card,Yes,4,0,5,3,0
C2741,32,Male,North,2,42.8,3,unknown,62,Monthly,UPI,Yes,5,2,1,2,0
C2742,31,Male,unknown,Basic,27.95,2,10,49.3,Quarterly,Bank Transfer,No,1,11,2,1,1
C2743,50,Male,West,Basic,19.99,40,5,43,Monthly,UPI,Yes,5,6,1,1,1
C2744,52,Female,Central,Basic,24.79,9,7,41.4,3,Card,Yes,6,22,0,2,0
C2745,31,Female,West,,40.35,21,5,48.3,Monthly,Card,No,4,13,"""""",1,0
C2746,41,Female,Central,Basic,12.93,3,2,51.4,Monthly,Card,No,9,0,2,3,0
C2747,38,Male,North,Basic,16.24,1,7,54.4,Monthly,Cash,Yes,3,13,2,2,1
C2748,41,Male,Central,Basic,8.5,27,5,48.7,Monthly,UPI,No,2,5,0,1,0
C2749,32,Female,East,Standard,40.03,1,0,32.6,Monthly,UPI,No,4,10,3,2,0
C2750,45,Female,West,Premium,65.52,7,5,60.8,Yearly,Card,Yes,3,24,1,4,1
C2751,29,Male,South,Standard,45.49,23,0,26.7,Yearly,UPI,Yes,,0,4,3,0
C2752,34,Male,East,Basic,,24,2,42.1,Monthly,Bank Transfer,Yes,5,4,3,2,0
C2753,49,Female,East,Basic,15.68,22,,35.8,Yearly,Cash,Yes,5,22,0,1,0
C2754,42,Male,North,Standard,35.03,67,4,57.3,Monthly,Card,Yes,2,0,3,3,0
C2755,24,Female,North,Premium,80.21,1,NaN,70.1,Quarterly,UPI,Yes,3,0,unknown,3,0
C2756,20,Male,South,Basic,25.25,16,4,32.9,Monthly,UPI,No,4,10,0,1,0
C2757,39,Female,North,Standard,42.36,1,2,52.7,Quarterly,Card,No,4,4,5,3,0
C2758,56,Male,North,Standard,30.4,25,2,20.5,Monthly,Card,Yes,3,16,0,1,0
C2759,48,Male,North,2,40.31,13,1,18.2,Quarterly,,Yes,3,5,1,4,0
C2760,23,Female,North,unknown,78.64,27,0,57.9,Monthly,UPI,No,8,0,0,3,0
C2761,43,Male,South,Premium,69.9,18,4,57.4,3,,0,6,7,0,3,0
C2762,50,Female,East,Premium,61.63,27,1,57.6,Monthly,Card,No,7,__0__,1,3,1
C2763,39,Female,North,Basic,19.67,14,5,"""36.5""",Monthly,Card,N/A,1,14,0,2,0
C2764,53,Male,West,Basic,18.74,22,1,37.5,Monthly,Card,Yes,10,1,1,3,0
C2765,33,Male,West,Standard,55.75,11,1,37.2,Monthly,Bank Transfer,No,4,9,2,2,0
C2766,38,Female,North,Standard,40.27,4,0,24.6,Monthly,UPI,No,9,0,0,1,0
C2767,30,Non-binary,Central,Premium,78.55,35,1,43.3,Monthly,Card,No,6,1,2,4,0
C2768,50,Male,South,Standard,47.77,34,0,25.5,Yearly,Card,No,10,1,3,3,0
C2769,39,Male,West,Standard,33.15,2,1,,Monthly,Bank Transfer,Yes,5,19,0,1,0
C2770,41,Male,North,Basic,22.49,,6,36.6,Yearly,Bank Transfer,Yes,7,9,0,2,0
C2771,47,Male,Central,2,39.16,21,1,36.2,unknown,Bank Transfer,Yes,6,0,1,1,0
C2772,52,Female,East,Basic,,5,3,36.3,Monthly,UPI,No,2,27,0,3,1
C2773,46,Female,North,Basic,17.96,23,6,8.9,Monthly,Bank Transfer,No,5,5,1,2,1
C2774,52,Male,North,Premium,66.02,23,1,41.2,Yearly,Card,Yes,6,0,2,5,0
C2775,35,Male,Central,Basic,24.91,72,5,30.6,Yearly,Bank Transfer,Yes,3,2,0,3,0
C2776,28,Male,East,Basic,33.52,34,6,42.6,Monthly,UPI,No,4,1,0,2,0
C2777,56,Male,East,Standard,42.05,43,0,24.4,Monthly,Card,Yes,7,0,1,2,0
C2778,36,Non-binary,North,Premium,81.49,24,3,61,Monthly,Card,Yes,7,0,0,1,0
C2779,37,Male,West,,48.77,22,0,25.5,Monthly,Card,Yes,6,21,2,2,0
C2780,46,Male,North,Basic,22.01,24,6,NaN,Monthly,Card,No,2,24,3,2,1
C2781,37,Female,West,Standard,NaN,8,3,41.3,Yearly,Bank Transfer,Yes,4,25,0,2,1
C2782,48,Male,East,Premium,83.31,,0,58.2,Quarterly,UPI,Yes,6,6,1,3,0
C2783,36,Male,Central,Standard,"""""",64,2,53.5,Quarterly,Card,Yes,4,18,1,2,0
C2784,27,,West,Premium,77.73,8,4,41.1,Quarterly,Cash,No,5,NaN,0,2,1
C2785,31,Female,North,Basic,8.5,5,0,36,Monthly,UPI,Yes,7,0,0,1,0
C2786,31,Male,Central,Standard,36.94,20,3,36.4,Monthly,Card,No,5,4,0,1,0
C2787,51,Male,West,Standard,33.17,9,1,"""""",,Bank Transfer,No,4,4,2,NaN,0
C2788,29,Male,West,Basic,10.28,8,3,39,Yearly,Bank Transfer,Yes,,20,0,2,0
C2789,28,Male,Central,Standard,48.28,4,1,58.2,Yearly,UPI,Yes,8,0,0,3,0
C2790,45,Female,Central,Standard,53.6,14,0,33.7,Monthly,Cash,,6,0,1,3,0
C2791,33,Female,Central,Standard,38.97,1,1,37,Yearly,Card,Yes,6,0,0,1,0
C2792,34,Male,South,Standard,37.12,2,5,40.5,Monthly,UPI,Yes,3,17,0,5,0
C2793,49,Non-binary,East,Premium,,14,2,59.9,Monthly,Card,Yes,6,7,1,3,0
C2794,25,Male,Central,Basic,21.6,37,6,59.4,Monthly,UPI,Yes,2,9,1,2,0
C2795,44,Male,South,Standard,42.29,25,1,35,Quarterly,Card,Yes,9,0,0,2,0
C2796,33,Female,Central,Standard,"""52.29""",26,0,43.4,Quarterly,Bank Transfer,1,4,0,0,2,0
C2797,52,Male,East,Basic,9.47,30,NaN,25.7,Yearly,Bank Transfer,Yes,5,0,0,2,0
C2798,42,Female,East,Premium,69.57,13,4,63.9,Yearly,Card,Yes,4,15,2,4,1
C2799,45,Male,Central,Basic,8.5,18,7,26.3,Monthly,UPI,Yes,3,21,1,1,1
C2800,26,Female,North,Standard,36.5,25,1,41.7,Monthly,__value__,Yes,3,3,0,1,0
C2801,59,Female,North,Basic,15.11,1,3,24.7,Yearly,Bank Transfer,No,4,12,0,3,1
C2802,29,Male,South,Basic,12.28,24,5,39.8,Yearly,UPI,No,6,0,3,3,0
C2803,47,Male,South,Standard,26.38,45,0,42.3,Monthly,UPI,,8,0,0,3,0
C2804,26,Female,West,Standard,34.65,63,0,30,__value__,Bank Transfer,No,7,0,0,2,0
C2805,30,Male,East,3,86.32,7,0,39.5,Monthly,Bank Transfer,Yes,7,0,2,3,0
C2806,20,Female,West,Basic,37.14,9,5,NaN,Quarterly,Cash,No,6,5,1,2,0
C2807,"""""",Male,South,Premium,75.83,72,2,43.5,Monthly,UPI,No,5,0,0,1,0
C2808,46,Female,Central,Basic,9.04,29,7,39.8,Monthly,Card,No,2,21,3,2,0
C2809,41,Male,East,Premium,87.33,19,0,60,3,Card,Yes,7,0,2,3,1
C2810,18,Male,West,Premium,73.86,10,1,54.7,Yearly,Cash,Yes,10,0,2,4,0
C2811,19,Male,South,Standard,39.57,3,9,,Monthly,Bank Transfer,No,4,32,1,1,1
C2812,29,Female,Central,Basic,17.53,12,5,52.9,Yearly,Card,Yes,3,9,0,1,0
C2813,38,Male,West,Premium,77.74,2,4,80.7,Quarterly,Card,No,5,11,2,3,1
C2814,32,Male,North,Basic,8.5,63,3,40.3,Quarterly,Card,No,6,0,1,3,0
C2815,__54__,Male,East,Basic,18.68,8,5,55.1,__value__,UPI,1,4,17,3,4,0
C2816,42,Female,North,Basic,8.5,34,2,31,Monthly,Card,Yes,3,4,3,4,0
C2817,43,Female,North,2,41.11,25,3,,Quarterly,UPI,Yes,2,18,3,2,0
C2818,55,Male,North,Basic,10.29,23,5,57.4,Monthly,Bank Transfer,No,3,18,3,2,0
C2819,42,Female,South,Basic,27.3,NaN,4,50.1,Monthly,Card,No,6,11,0,1,1
C2820,42,Female,Central,unknown,53.38,1,1,31.3,Quarterly,UPI,No,6,17,2,3,0
C2821,31,Male,North,Standard,49.58,13,0,47.6,Monthly,Card,No,3,0,3,2,0
C2822,20,Female,North,Basic,12.15,8,2,36.8,Quarterly,UPI,Yes,4,11,0,2,0
C2823,43,Male,Central,Standard,46.93,19,3,53.2,Quarterly,N/A,,9,13,3,2,0
C2824,32,Male,North,Basic,NaN,8,1,42.8,Yearly,,Yes,10,0,3,3,0
C2825,42,Female,South,Basic,19.62,3,5,49.4,Monthly,Card,Yes,4,27,0,2,1
C2826,42,Female,South,2,36.1,40,2,41,Quarterly,Bank Transfer,No,4,0,2,2,0
C2827,62,Female,East,Standard,38.03,17,1,34.2,Monthly,Card,No,5,0,0,1,0
C2828,26,Male,West,Standard,44.64,53,0,50.5,Quarterly,Card,Yes,5,0,0,1,0
C2829,50,Female,North,Standard,54.11,3,4,38.1,Quarterly,Card,No,5,8,0,1,1
C2830,54,Female,West,Premium,85.97,25,0,42.8,1,Card,No,6,0,3,4,0
C2831,35,Male,North,Basic,__10.98__,13,6,37.2,Quarterly,UPI,Yes,3,22,2,2,1
C2832,34,Female,East,Basic,23.21,13,4,32.1,Monthly,Bank Transfer,Yes,6,12,0,1,0
C2833,34,Female,West,2,41.79,2,6,37.2,Monthly,Bank Transfer,Yes,6,19,,1,0
C2834,41,Male,Central,Premium,81,10,1,55.3,1,UPI,No,6,0,1,3,1
C2835,43,Male,South,Basic,26.1,11,4,52.1,Yearly,UPI,Yes,8,21,1,1,0
C2836,47,Female,Central,Basic,23.78,10,4,49,Yearly,UPI,Yes,6,0,0,3,0
C2837,43,Female,North,Standard,29.98,11,3,44.5,Quarterly,Card,Yes,6,7,1,3,0
C2838,40,Male,South,Basic,22,4,3,33.9,Monthly,Card,Yes,3,23,1,2,0
C2839,46,Female,East,Standard,47.5,4,1,34.1,Monthly,UPI,Yes,5,8,0,1,1
C2840,43,Male,East,Premium,79.6,10,0,56.8,Monthly,Card,No,5,0,0,3,0
C2841,29,Male,North,Basic,19.75,5,5,45.4,Quarterly,Card,No,2,4,3,3,0
C2842,30,Female,North,Standard,unknown,27,0,53.8,Monthly,Bank Transfer,Yes,5,8,0,2,0
C2843,43,Female,North,Standard,28.47,9,1,43.4,Monthly,UPI,Yes,7,3,0,3,0
C2844,31,Female,South,Premium,__84.97__,10,1,63.7,Monthly,Cash,No,7,22,2,4,1
C2845,35,Female,West,Standard,45.15,4,__0__,38.8,Yearly,Bank Transfer,Yes,6,4,0,3,0
C2846,36,Female,West,Premium,"""72.95""",22,0,58,Monthly,Card,Yes,7,0,4,4,0
C2847,27,Female,South,Standard,51.86,9,3,__39.9__,Monthly,Card,unknown,6,0,0,2,0
C2848,34,Male,East,Standard,"""53.9""",6,5,57.1,Monthly,Card,No,2,24,2,3,1
C2849,26,Male,East,Standard,37.28,2,0,55.6,Yearly,,No,8,5,0,1,0
C2850,__30__,Male,Central,Standard,35.84,26,1,54.4,Yearly,Card,No,3,9,0,2,0
C2851,40,Female,South,Premium,70.7,6,0,37.6,Yearly,UPI,Yes,4,1,1,3,0
C2852,47,Female,South,Basic,19.6,4,2,50,Yearly,Card,Yes,6,12,0,1,0
C2853,41,Male,East,Premium,64.89,26,4,68.6,Monthly,Card,Yes,6,11,2,2,0
C2854,46,Female,South,Basic,,6,6,35.1,Monthly,,No,5,7,3,3,1
C2855,45,Female,South,Standard,41.88,5,2,37.2,Yearly,Bank Transfer,No,5,12,0,2,0
C2856,26,Male,North,1,18.9,4,9,71.3,Monthly,Card,Yes,2,15,2,1,1
C2857,37,Female,East,Basic,23.64,3,5,32.2,Yearly,Bank Transfer,Yes,3,9,0,1,0
C2858,20,Male,South,Standard,30.7,10,4,30.4,Quarterly,UPI,No,4,0,0,2,0
C2859,34,Female,North,Premium,70.54,18,0,64.7,Quarterly,Bank Transfer,No,6,0,2,2,1
C2860,19,Male,Central,Basic,15.26,10,5,46.3,Monthly,Card,No,5,20,0,3,1
C2861,48,Female,South,Basic,27.3,3,7,4.9,Monthly,Card,No,1,31,2,4,1
C2862,44,Male,West,Basic,NaN,22,5,36.7,Monthly,Card,No,3,23,0,,1
C2863,19,Male,East,Premium,81.64,8,3,64.8,Monthly,Card,__value__,7,13,0,3,0
C2864,30,Male,Central,Basic,10.62,23,0,35.1,Monthly,Card,Yes,,5,0,1,0
C2865,56,Non-binary,West,Premium,74.73,37,1,45.4,Quarterly,Cash,No,8,0,4,3,0
C2866,43,Male,East,Premium,76.92,16,0,45.2,Quarterly,UPI,Yes,5,"""""",2,4,0
C2867,35,Male,West,Basic,21.58,13,3,42.9,3,Card,Yes,8,0,3,3,0
C2868,42,Male,Central,__value__,,24,6,26.9,Yearly,Card,Yes,4,13,0,1,0
C2869,38,Male,South,Basic,28.21,12,7,41.7,2,Card,No,2,26,1,3,1
C2870,39,Non-binary,Central,Standard,54.21,19,11,60.6,Monthly,UPI,No,1,36,0,1,1
C2871,43,Female,South,Basic,NaN,3,6,27.4,3,UPI,Yes,3,23,0,1,0
C2872,36,Female,South,,88.76,49,1,58.3,Quarterly,Bank Transfer,No,8,3,0,1,0
C2873,48,Female,South,Basic,35.03,7,5,52.2,Monthly,Card,Yes,1,22,0,,0
C2874,41,Female,East,Basic,19.81,5,4,29.5,Quarterly,UPI,Yes,3,13,0,__1__,0
C2875,37,Non-binary,North,Basic,8.5,"""""","""""",38.4,Monthly,Card,No,4,,2,2,0
C2876,42,Female,South,Standard,36.93,2,,36.3,Monthly,Bank Transfer,No,4,3,0,1,0
C2877,NaN,Female,North,Standard,42.33,3,1,48,Monthly,Cash,Yes,8,4,2,2,0
C2878,19,Female,,Basic,14.65,38,6,48.1,Monthly,Card,1,3,8,0,2,0
C2879,34,Male,South,Standard,,24,2,51.1,Monthly,Bank Transfer,Yes,7,23,2,3,0
C2880,18,Female,South,Premium,73.75,14,1,44.2,2,UPI,Yes,6,0,0,3,0
C2881,41,Male,East,Basic,8.5,22,5,NaN,Monthly,Card,Yes,6,20,0,2,0
C2882,28,Non-binary,Central,Basic,13.88,9,8,44.8,1,Card,No,3,23,0,3,1
C2883,26,Male,East,Basic,14.02,18,7,,Quarterly,UPI,Yes,3,23,0,2,1
C2884,44,Female,North,Standard,44.64,12,0,48.1,Monthly,Cash,Yes,6,10,2,2,0
C2885,31,Male,North,Basic,8.5,6,3,43.8,Yearly,UPI,Yes,1,19,2,1,0
C2886,30,Male,North,Basic,28.72,20,5,"""12.3""",Monthly,UPI,Yes,5,24,1,4,0
C2887,34,Male,North,Standard,43.78,13,1,39.4,Quarterly,,Yes,5,0,3,2,0
C2888,53,Male,,Premium,80.11,32,0,59.1,Monthly,Card,1,8,5,3,4,0
C2889,49,Female,East,Basic,15.69,48,4,46.8,Monthly,__value__,No,5,23,0,,0
C2890,35,Male,North,Basic,9.79,7,5,44.2,Monthly,Card,Yes,3,15,0,1,0
C2891,35,Male,East,Standard,27.58,16,,34.8,3,Cash,No,6,0,1,3,0
C2892,38,Female,West,Basic,31.27,23,8,64.5,N/A,Bank Transfer,__value__,2,18,0,2,1
C2893,39,Male,Central,Basic,27.63,2,5,38.3,Yearly,Cash,Yes,8,0,0,1,0
C2894,NaN,Female,South,Premium,59.12,20,0,"""65.8""",Monthly,UPI,Yes,6,4,4,4,0
C2895,32,Female,Central,Basic,31.45,17,3,36.9,Monthly,Card,Yes,3,9,0,2,1
C2896,26,Male,North,Standard,33.68,"""""",3,42.3,Quarterly,UPI,Yes,7,0,0,1,0
C2897,,Male,West,Premium,58.94,12,3,77.5,Monthly,Card,No,7,0,1,4,0
C2898,31,Male,Central,Standard,32.2,4,4,38.6,Monthly,Card,Yes,7,16,2,3,0
C2899,29,N/A,East,Basic,8.5,7,6,30.1,Monthly,unknown,Yes,6,22,0,1,0
C2900,53,Male,West,Standard,40,18,4,44.4,Monthly,UPI,No,6,8,4,4,0
C2901,45,Female,South,Standard,42.25,3,2,37.8,Monthly,UPI,No,6,15,1,1,0
C2902,43,Male,North,Standard,41.1,13,0,30.2,Yearly,UPI,1,9,1,0,3,0
C2903,44,Male,South,,32.41,10,3,45.6,Monthly,Bank Transfer,No,3,5,5,2,0
C2904,__33__,Female,Central,Premium,76.74,8,0,45.6,Quarterly,Card,Yes,6,0,4,3,0
C2905,__41__,Female,South,Basic,26.27,10,4,53.6,1,UPI,No,2,17,2,2,1
C2906,35,Female,East,Premium,68.05,1,0,58,Quarterly,Cash,No,8,6,2,2,0
C2907,46,Female,North,Basic,17.9,4,4,68.6,N/A,Card,No,1,10,0,3,0
C2908,31,Male,South,Standard,31.47,1,1,52.7,Yearly,Card,No,6,2,0,1,0
C2909,51,Female,Central,1,26.68,unknown,4,33.1,Quarterly,Card,No,6,0,0,2,0
C2910,43,Male,Central,Premium,70.65,18,1,,Quarterly,Cash,Yes,6,0,2,6,0
C2911,63,Male,Central,Premium,60.44,7,0,40.8,Quarterly,UPI,Yes,5,1,0,4,0
C2912,35,Female,West,2,37.68,7,2,42.5,Quarterly,Card,Yes,4,0,0,2,0
C2913,33,Male,West,Premium,85.64,15,1,"""""",Yearly,Card,Yes,5,0,0,2,0
C2914,28,Female,East,Basic,12.05,34,3,51,Yearly,Card,No,8,1,1,1,0
C2915,36,Female,,Premium,76.4,38,3,67.5,Yearly,Card,Yes,7,0,2,4,0
C2916,33,Female,Central,Basic,24.7,5,3,50,Monthly,Card,No,2,17,3,2,1
C2917,43,Female,West,Standard,35.67,3,,21.3,Monthly,Bank Transfer,No,4,6,0,1,0
C2918,28,Non-binary,West,Standard,38,2,0,50.3,1,Card,0,5,0,0,3,0
C2919,27,Male,Central,Standard,37.06,13,2,42.6,Quarterly,Card,Yes,8,19,2,2,0
C2920,34,Male,West,Basic,10.39,6,5,48,Monthly,Bank Transfer,Yes,4,21,2,1,1
C2921,34,Female,West,Premium,69.42,14,2,49.6,1,Bank Transfer,No,7,0,2,4,0
C2922,19,Female,South,Basic,8.5,6,5,44.7,Yearly,__value__,Yes,5,8,0,2,0
C2923,38,Female,Central,Standard,55.21,34,1,34.7,Yearly,Card,Yes,,0,2,2,0
C2924,27,Female,North,Standard,31.33,14,4,31.1,Monthly,,Yes,7,18,2,1,0
C2925,28,Male,South,Standard,51.4,4,2,46.4,Monthly,Card,No,3,0,1,3,1
C2926,20,Male,North,Basic,18.42,40,6,44.2,Quarterly,Bank Transfer,Yes,4,5,1,3,0
C2927,45,Male,South,Basic,23.43,18,4,46.5,N/A,UPI,0,1,1,0,2,0
C2928,22,Male,North,Standard,45.39,53,2,33.7,Monthly,UPI,Yes,5,12,0,3,0
C2929,39,Female,South,Premium,71.31,8,1,50,Monthly,Card,No,3,4,5,4,0
C2930,19,Male,Central,Basic,10.07,51,6,36.9,Monthly,UPI,No,3,0,,3,0
C2931,39,Female,East,3,73.41,21,0,57.4,Monthly,Card,Yes,6,10,3,4,0
C2932,19,Female,__value__,Basic,24.87,7,4,49.7,Quarterly,,1,3,4,0,3,0
C2933,19,Male,North,Standard,31.14,15,3,48,Quarterly,Card,Yes,2,0,0,3,0
C2934,24,Non-binary,West,Standard,42.71,72,2,47.8,Monthly,Card,Yes,6,0,0,1,0
C2935,36,Male,South,Basic,21.59,67,8,20.8,Monthly,Card,Yes,1,10,0,2,1
C2936,31,Female,Central,Standard,"""44.03""",18,6,25.6,Monthly,Cash,Yes,6,11,1,2,0
C2937,25,Female,South,Premium,84.05,52,2,57.5,Quarterly,UPI,No,5,2,3,4,0
C2938,__21__,Female,North,Standard,37.22,44,3,27,Monthly,Bank Transfer,Yes,NaN,0,0,3,1
C2939,36,Female,East,Basic,23.35,30,5,49.2,Quarterly,UPI,No,2,15,0,3,0
C2940,33,Male,East,Standard,37.03,NaN,6,36.7,Monthly,Card,No,1,0,0,2,1
C2941,47,Male,Central,Standard,50.61,20,2,34.8,Monthly,Bank Transfer,0,5,0,1,2,0
C2942,43,Female,Central,Standard,50.12,17,3,44.2,Yearly,Bank Transfer,Yes,6,1,1,1,0
C2943,"""""",Male,West,Standard,38.51,18,3,44.1,Yearly,Card,Yes,__6__,0,0,2,0
C2944,21,Female,Central,Basic,31.78,9,5,42.9,Monthly,Bank Transfer,Yes,3,9,1,2,0
C2945,35,Male,South,Basic,19.32,10,2,38.6,Monthly,Bank Transfer,No,3,11,0,1,0
C2946,24,Female,Central,Basic,8.5,44,0,41.6,Monthly,Card,Yes,8,10,0,2,0
C2947,54,Male,North,Basic,8.5,17,4,40.6,Yearly,Cash,No,7,10,1,2,0
C2948,40,Female,South,Standard,30.28,4,4,40.6,Monthly,UPI,No,3,27,0,1,1
C2949,41,Male,East,Basic,10.12,17,5,34.5,Monthly,Card,No,5,5,1,1,1
C2950,48,Male,West,Standard,40.79,3,0,51.2,Monthly,Bank Transfer,No,5,1,0,3,0
C2951,37,Female,North,Basic,NaN,28,4,73.5,Monthly,Bank Transfer,Yes,3,13,3,3,0
C2952,39,Female,East,Premium,73.99,30,0,37.1,Monthly,Card,1,4,15,,5,0
C2953,38,Female,East,Basic,21.23,4,7,40.6,Quarterly,Card,No,1,24,2,3,0
C2954,56,Male,Central,2,44.42,9,0,52.4,Yearly,Card,Yes,7,14,0,3,0
C2955,39,Male,East,Standard,29.51,46,0,30.3,Monthly,UPI,Yes,6,0,0,2,0
C2956,59,Female,North,Premium,72.86,unknown,0,60.4,Yearly,UPI,Yes,8,3,4,4,0
C2957,58,Non-binary,Central,Standard,42.57,47,0,36,Monthly,Cash,No,,NaN,1,3,0
C2958,27,Female,South,Standard,32.9,4,1,43.7,Yearly,UPI,No,5,0,2,1,0
C2959,53,Female,East,Standard,48.1,9,2,38.6,Quarterly,Card,Yes,5,5,0,3,0
C2960,58,Male,Central,Premium,87.67,20,2,55.1,Monthly,Card,No,3,17,2,4,0
C2961,33,Male,North,Premium,58.35,11,4,33.1,Yearly,Cash,Yes,5,7,1,5,0
C2962,25,Female,West,Basic,15.09,19,8,36.9,Yearly,Bank Transfer,No,2,18,1,2,0
C2963,21,Female,West,Basic,8.5,1,4,37.6,Monthly,Card,No,4,4,0,1,1
C2964,48,Male,South,Premium,80.44,1,0,54,Monthly,UPI,No,7,7,1,2,0
C2965,52,Male,North,Basic,16.53,62,9,51,Monthly,Card,Yes,2,18,0,2,0
C2966,22,Female,North,Basic,20.54,72,4,,Monthly,UPI,No,1,10,0,1,0
C2967,29,Male,Central,Premium,72.46,13,0,61.7,Monthly,Card,No,10,1,3,3,0
C2968,41,Male,South,Standard,34.68,47,4,55.5,Yearly,Bank Transfer,No,8,0,1,3,0
C2969,27,Female,East,1,19.53,39,3,69,Quarterly,Card,Yes,6,1,2,3,0
C2970,24,Male,South,Basic,17.81,4,2,51.3,Quarterly,Bank Transfer,Yes,7,13,0,2,0
C2971,27,Female,South,Standard,43.61,13,6,42.2,Quarterly,Card,No,3,23,3,3,1
C2972,27,Female,South,Standard,47.51,1,4,,Quarterly,Bank Transfer,No,6,1,3,2,0
C2973,35,Male,Central,1,14,6,"""""",32,Monthly,Card,1,2,22,0,1,0
C2974,46,Male,East,Basic,12.87,13,2,33.8,Monthly,UPI,Yes,6,26,1,1,0
C2975,28,Female,Central,Standard,45.14,3,4,26.6,3,Card,Yes,5,23,0,1,0
C2976,35,Male,East,Basic,13.43,10,5,17.5,Quarterly,Card,No,2,10,2,2,0
C2977,27,Female,__value__,Basic,36.81,10,7,10.3,Yearly,Bank Transfer,0,4,0,1,1,0
C2978,__42__,Male,South,Premium,72.37,18,3,53.3,Yearly,Bank Transfer,Yes,6,3,0,3,0
C2979,44,,North,Basic,22.03,"""""",6,47.3,Monthly,Card,Yes,3,23,2,3,0
C2980,45,Female,North,Basic,14.48,42,2,46.5,Monthly,UPI,No,3,0,3,4,0
C2981,62,Female,,Basic,22.52,19,6,33.2,Monthly,Card,Yes,4,14,0,2,0
C2982,26,Male,North,Premium,77.73,14,1,58.7,Monthly,Card,Yes,6,0,3,4,0
C2983,46,Female,Central,Premium,77.74,39,1,54.4,Monthly,UPI,No,2,10,2,4,0
C2984,27,Female,North,Basic,"""""",4,4,20.3,Quarterly,UPI,Yes,2,14,2,3,0
C2985,33,Male,Central,Basic,24.37,12,5,60.2,Monthly,UPI,Yes,2,13,1,1,1
C2986,41,Female,__value__,Standard,33.91,4,2,31.9,Quarterly,Card,No,5,12,2,2,0
C2987,32,Female,West,Standard,44.28,7,1,49.1,Quarterly,Bank Transfer,No,4,11,0,3,0
C2988,30,Female,South,Standard,44.09,__30__,5,32.8,Monthly,UPI,No,5,14,0,2,0
C2989,__25__,Male,South,Standard,28.52,32,1,35,1,Card,Yes,3,0,1,2,0
C2990,__36__,Male,North,Standard,38.02,20,1,47.2,Monthly,Card,Yes,7,9,0,3,0
C2991,18,Female,West,Premium,69.53,5,6,"""45.6""",Monthly,UPI,No,3,12,3,4,0
C2992,18,Non-binary,East,Standard,38.71,24,0,43.5,N/A,Card,No,9,0,2,2,0
C2993,45,Female,West,Standard,49.83,3,1,29.9,Monthly,Card,No,6,3,0,1,0
C2994,24,Male,Central,Basic,"""29.91""",49,7,53.2,Monthly,UPI,Yes,1,27,0,3,0
C2995,37,Female,North,Basic,21.65,26,4,31.7,Yearly,Card,No,7,13,0,3,0
C2996,33,Male,South,Basic,8.5,9,6,47.3,Monthly,Bank Transfer,Yes,4,6,2,4,0
C2997,36,Female,West,Basic,12.09,20,2,"""40.3""",Yearly,Card,No,8,5,1,3,0
C2998,46,Female,East,,12.74,40,8,27.9,Quarterly,UPI,No,2,13,1,4,0
C2999,40,Female,West,Basic,31.81,8,4,28.8,Monthly,Card,No,4,12,2,1,1
C3000,34,Male,West,unknown,34.3,21,7,43.4,Quarterly,Bank Transfer,No,1,22,0,3,0
C3001,49,Male,East,Premium,85.24,19,2,60.4,Monthly,UPI,No,6,14,1,5,0
C3002,39,Male,North,Standard,34.29,21,4,41.6,Monthly,Bank Transfer,Yes,2,7,0,1,0
C3003,22,Female,Central,Premium,76.51,15,5,31.3,Monthly,UPI,,4,12,4,2,0
C3004,29,Male,Central,unknown,24.38,14,4,24.8,Monthly,Card,Yes,3,26,0,3,0
C3005,39,Female,West,Premium,78.32,8,2,40.8,Monthly,Card,Yes,3,0,3,3,1
C3006,28,Female,West,Standard,53.22,11,3,59.3,Monthly,Card,Yes,5,6,3,1,0
C3007,37,Female,North,Basic,9.6,17,2,,Yearly,Card,0,4,12,4,1,0
C3008,50,Male,South,Basic,"""""",1,0,47.7,Monthly,Bank Transfer,Yes,6,11,0,1,0
C3009,33,Male,__value__,Basic,8.5,71,4,36.6,Monthly,Card,Yes,2,0,0,2,0
C3010,32,Male,North,Basic,22.51,27,4,43.5,Quarterly,Card,No,1,0,0,1,0
C3011,35,Female,South,Basic,27.09,4,5,25,Monthly,UPI,No,3,9,1,2,1
C3012,18,Female,Central,Premium,79.38,10,0,61.8,Monthly,UPI,Yes,5,9,3,4,0
C3013,39,,West,Standard,49.57,7,5,53.1,Yearly,UPI,Yes,2,5,0,1,0
C3014,40,Male,East,Basic,17.77,24,3,57.1,1,N/A,Yes,6,1,0,1,0
C3015,41,Male,West,Basic,19.07,42,4,36.3,Yearly,Cash,Yes,6,0,2,2,0
C3016,27,Female,West,Standard,41.49,39,0,45.1,Monthly,Card,No,2,7,1,1,0
C3017,18,Female,South,Premium,63.02,19,0,49.6,1,UPI,No,__6__,0,2,4,0
C3018,25,Female,West,Standard,41.15,20,0,33.7,Monthly,Card,Yes,4,14,2,2,1
C3019,34,Male,East,Standard,46.01,1,0,__45.9__,Yearly,Cash,Yes,6,,0,3,0
C3020,37,Female,West,Premium,99.15,2,3,54.9,Yearly,Bank Transfer,Yes,6,0,4,4,0
C3021,50,Male,South,Standard,39.32,16,0,47.7,Monthly,Bank Transfer,No,5,14,0,2,0
C3022,40,Male,South,Premium,90.44,45,0,42.1,Monthly,UPI,No,8,0,NaN,5,0
C3023,53,Male,East,Standard,29.15,1,5,46.4,Yearly,Card,No,4,16,0,1,1
C3024,28,Male,East,Premium,75.34,3,6,61.3,Monthly,UPI,Yes,1,20,2,3,1
C3025,48,Female,East,Standard,34.65,59,1,36.4,Monthly,Card,Yes,8,0,3,3,0
C3026,52,Non-binary,West,Standard,34.18,10,3,44.2,Quarterly,Bank Transfer,No,5,17,4,4,0
C3027,46,Female,West,Basic,16.85,2,4,43.9,,Cash,Yes,3,0,0,2,0
C3028,39,Female,West,2,51.33,21,3,40.3,1,Bank Transfer,No,7,0,0,2,0
C3029,,Female,West,Standard,41.64,"""""",3,51.7,Yearly,UPI,No,6,15,0,2,0
C3030,66,Male,Central,Standard,42.01,19,8,48.1,Yearly,Bank Transfer,No,4,9,0,1,0
C3031,23,Female,East,Standard,47.89,13,1,27.6,Monthly,Card,Yes,5,2,0,1,0
C3032,53,unknown,East,Premium,76.95,25,0,54.6,Yearly,Card,0,10,0,3,4,0
C3033,45,Male,Central,Basic,16.09,3,7,67.3,Monthly,__value__,Yes,2,22,1,4,0
C3034,,Female,East,Premium,75.12,19,1,55.5,Yearly,Card,No,6,5,0,2,0
C3035,41,Female,Central,Basic,"""27.72""",59,6,42.8,Monthly,UPI,No,3,0,2,3,0
C3036,19,Female,Central,Basic,9.2,38,5,25.3,,Bank Transfer,Yes,2,9,0,2,0
C3037,41,Male,Central,Premium,87.36,3,0,,Monthly,UPI,Yes,3,2,1,3,1
C3038,30,unknown,Central,Premium,83.07,18,2,67.2,Monthly,UPI,Yes,7,12,6,4,0
C3039,46,Female,N/A,Premium,70.85,4,5,42.4,Quarterly,Card,Yes,6,24,0,3,1
C3040,40,Male,West,Standard,__43.44__,11,NaN,20.2,Yearly,UPI,Yes,6,4,5,3,0
C3041,30,Female,Central,Premium,67.99,16,0,50.8,Monthly,UPI,1,6,0,1,4,0
C3042,37,,West,Standard,46.57,9,4,49.6,Yearly,Card,Yes,4,16,1,3,1
C3043,37,Female,East,Standard,49.59,34,0,36,Yearly,UPI,No,7,0,"""""",2,0
C3044,34,Female,East,Standard,47.46,38,4,41.8,Yearly,UPI,Yes,unknown,0,0,1,0
C3045,23,Male,North,Premium,62.08,2,2,56.1,Monthly,Bank Transfer,Yes,5,NaN,1,5,0
C3046,22,Female,Central,Standard,64.22,NaN,4,45.9,Yearly,Bank Transfer,Yes,6,15,0,1,0
C3047,36,Non-binary,South,N/A,14.66,1,5,"""42.1""",Monthly,Card,1,6,0,2,1,0
C3048,38,Female,South,Premium,62.76,22,3,50.1,N/A,UPI,Yes,5,6,3,3,0
C3049,52,Male,East,Premium,91.57,2,0,66.5,Yearly,UPI,No,5,19,0,4,0
C3050,42,Male,East,Basic,15.11,NaN,3,44,Monthly,Card,No,2,unknown,0,2,0
C3051,39,Female,West,Standard,31.66,17,2,"""45.0""",Quarterly,Card,No,5,4,3,3,0
C3052,27,Male,West,Premium,78.03,5,4,43.9,Monthly,Card,0,4,25,1,3,1
C3053,37,Male,Central,Basic,19.67,14,6,44.5,Monthly,UPI,No,1,8,2,2,1
C3054,44,Female,South,Standard,40.61,2,3,51.5,Monthly,Card,Yes,8,2,1,2,0
C3055,35,Male,N/A,Standard,54.9,8,0,32.9,Monthly,Card,No,5,0,4,2,0
C3056,35,Female,West,Standard,44.84,52,1,31.9,Monthly,Card,Yes,5,5,1,4,0
C3057,47,Non-binary,Central,Standard,44.26,7,0,26.1,1,UPI,Yes,9,0,2,2,0
C3058,23,Female,West,Premium,80.6,34,2,51.2,Monthly,Card,Yes,4,10,0,3,0
C3059,unknown,unknown,South,Standard,35.25,48,1,49.8,N/A,UPI,No,7,0,1,2,0
C3060,39,Female,North,Standard,29.19,1,0,48.6,Monthly,Card,No,7,0,0,1,0
C3061,50,Male,West,Standard,47.09,26,unknown,50.7,Monthly,Bank Transfer,Yes,6,0,1,2,0
C3062,32,Male,South,Basic,17.16,14,5,39,Monthly,Card,Yes,5,4,0,2,0
C3063,24,Female,West,Standard,60.7,14,2,13.8,Yearly,Card,Yes,5,15,0,1,0
C3064,38,Male,East,Premium,78.88,1,3,58.5,Monthly,Bank Transfer,No,5,2,0,2,1
C3065,21,Female,East,Standard,43.34,24,3,46.8,Monthly,Bank Transfer,No,3,20,0,1,1
C3066,33,Male,Central,Standard,50.12,8,2,44.6,Monthly,UPI,No,5,10,0,2,0
C3067,32,Female,South,Standard,NaN,19,0,49.6,3,Bank Transfer,Yes,6,0,0,1,0
C3068,33,Male,Central,Basic,31.52,11,6,51.2,Monthly,UPI,No,5,21,2,3,1
C3069,25,Female,Central,Premium,74.15,20,2,46.1,Quarterly,Card,Yes,5,0,0,3,0
C3070,42,Female,West,Basic,"""15.11""",7,7,38.3,Monthly,Card,Yes,3,0,0,1,1
C3071,18,Male,South,Premium,61.35,8,0,49.3,Monthly,Cash,No,6,0,0,2,0
C3072,33,Female,East,Standard,35.82,1,0,46.5,Monthly,Bank Transfer,Yes,5,6,0,2,0
C3073,42,Female,East,1,19.41,8,5,42.3,Monthly,unknown,Yes,6,3,0,3,0
C3074,44,Female,North,Basic,16.47,10,5,24.5,1,UPI,No,4,32,0,3,0
C3075,18,Female,North,1,18.99,9,3,35.5,Yearly,Card,No,6,11,1,2,0
C3076,47,Male,Central,Basic,12.11,6,3,31.8,Monthly,Card,1,3,20,0,1,0
C3077,33,Male,East,Basic,24.98,27,1,"""36.0""",Monthly,Card,No,7,9,0,1,0
C3078,29,Female,North,Basic,16.7,15,1,,Quarterly,Cash,No,8,4,5,3,0
C3079,35,Male,North,Basic,10.22,20,5,41.3,1,UPI,No,2,5,2,1,1
C3080,49,Female,South,Standard,43.66,3,3,41.2,Monthly,Bank Transfer,0,4,5,0,2,0
C3081,34,Female,East,2,"""43.59""",8,1,NaN,Monthly,UPI,No,,11,4,2,0
C3082,44,Male,South,Standard,61.49,34,4,50.4,Monthly,Bank Transfer,Yes,5,8,0,unknown,1
C3083,21,,East,Premium,70.27,22,4,61.6,Monthly,UPI,Yes,5,10,1,3,0
C3084,30,Male,South,Standard,,47,3,36.8,Monthly,Card,,3,0,,3,0
C3085,45,Female,Central,Standard,33.17,7,0,37.3,Yearly,N/A,Yes,9,5,3,2,0
C3086,28,Male,East,Basic,11.83,14,5,27.7,Yearly,UPI,No,5,17,0,2,0
C3087,41,Male,South,1,19.17,,5,59.1,Quarterly,Bank Transfer,Yes,5,28,1,1,0
C3088,36,Female,East,2,36.46,26,2,29.4,2,Bank Transfer,No,3,0,3,2,0
C3089,49,Male,,Premium,88.06,51,0,30.3,Monthly,Cash,Yes,4,0,1,4,0
C3090,56,Female,Central,Standard,43.87,30,2,35.2,Quarterly,Bank Transfer,No,4,5,1,2,1
C3091,39,Male,North,Basic,16.79,40,4,33.6,Monthly,Card,Yes,6,0,0,2,0
C3092,31,Male,South,Premium,79.9,10,2,59.3,Quarterly,UPI,Yes,5,13,0,3,1
C3093,27,Male,Central,Premium,88.66,13,1,53.7,Yearly,Card,Yes,5,15,2,4,0
C3094,39,Female,South,Basic,22.67,29,2,50,Monthly,UPI,No,4,2,4,3,0
C3095,47,Male,Central,1,22.38,7,3,51.5,Yearly,Bank Transfer,Yes,5,5,0,3,0
C3096,32,Non-binary,Central,Basic,23.74,18,5,27.2,1,Cash,0,2,20,0,1,1
C3097,25,Female,Central,,,72,3,53.2,Yearly,Bank Transfer,Yes,7,0,1,3,0
C3098,28,Female,North,Basic,8.89,,3,52.2,Yearly,Bank Transfer,Yes,7,28,0,2,0
C3099,39,Female,Central,Standard,40.55,10,0,46.7,Yearly,Bank Transfer,No,8,0,3,3,0
C3100,52,Male,North,Basic,22.35,18,5,34.5,Quarterly,Card,Yes,5,0,2,3,0
C3101,40,Male,North,Premium,75.99,27,0,57.5,Monthly,Cash,Yes,5,0,0,3,0
C3102,30,Male,South,Basic,26.46,6,4,50.8,Quarterly,Card,No,7,7,1,2,0
C3103,52,Female,Central,Basic,18.34,6,2,23.2,Quarterly,UPI,No,6,10,3,2,0
C3104,34,unknown,North,Standard,44.18,21,0,43.1,Monthly,Bank Transfer,Yes,7,9,1,2,0
C3105,35,Female,South,Standard,46.08,25,3,__50.3__,Quarterly,unknown,Yes,5,12,0,2,0
C3106,32,Female,Central,Standard,38.84,32,2,31,Quarterly,UPI,Yes,7,0,0,3,0
C3107,49,Male,South,Basic,24.67,70,4,44.7,Monthly,__value__,No,8,1,2,2,0
C3108,,Female,South,Basic,,45,,25.9,Quarterly,Card,Yes,4,12,3,3,0
C3109,40,Female,Central,1,"""27.01""",7,3,31.4,Monthly,Card,Yes,5,3,1,2,0
C3110,33,Male,South,Premium,80.31,4,4,48.6,3,Card,No,6,9,3,3,0
C3111,27,Female,Central,unknown,26.42,14,5,31.7,Monthly,Bank Transfer,Yes,1,28,4,3,0
C3112,52,Female,East,Standard,41.77,3,5,50.1,Quarterly,Card,No,2,23,1,3,0
C3113,34,Female,East,unknown,11.13,4,5,34.8,unknown,Card,Yes,3,27,0,1,0
C3114,38,Female,Central,Premium,64.66,8,0,57.6,Monthly,Bank Transfer,1,8,10,5,4,0
C3115,45,Male,North,Basic,16.14,1,3,70,Monthly,unknown,No,5,9,0,2,0
C3116,52,Female,East,1,15.02,1,4,49.9,Quarterly,Card,No,3,17,0,2,1
C3117,46,Female,East,3,"""70.68""",5,0,55.1,Yearly,Bank Transfer,No,6,5,0,3,0
C3118,27,Male,North,Standard,"""37.36""",5,4,52.2,Quarterly,UPI,No,8,3,2,2,0
C3119,18,Male,Central,Basic,25.91,7,2,32.2,Yearly,Card,Yes,5,10,2,3,0
C3120,39,Female,South,Basic,24.31,31,3,unknown,Monthly,Bank Transfer,Yes,5,1,1,1,0
C3121,33,Female,Central,Basic,"""20.08""",39,6,48.9,Yearly,Bank Transfer,Yes,3,7,2,2,1
C3122,53,Female,East,Standard,46.21,57,1,unknown,Yearly,UPI,Yes,9,0,NaN,3,0
C3123,38,Female,East,Standard,51.76,33,1,22.3,2,Card,No,6,0,1,2,0
C3124,37,Male,South,Standard,55.04,18,1,45.8,Monthly,Card,0,4,0,0,1,1
C3125,42,Male,Central,Premium,67.08,9,0,59.2,Monthly,Card,No,6,0,0,2,0
C3126,43,Male,East,Standard,35.31,29,0,50.5,Monthly,UPI,Yes,9,0,1,3,0
C3127,23,Female,North,Standard,31.01,22,3,46.5,Quarterly,Card,1,5,0,1,3,0
C3128,60,Female,Central,Basic,__17.97__,72,4,26.2,Quarterly,Card,Yes,1,0,3,2,0
C3129,40,Male,South,Premium,74.34,4,5,64.8,Monthly,Bank Transfer,No,7,12,1,5,1
C3130,,Male,West,Standard,35.6,70,5,36,Monthly,Card,No,4,0,3,4,0
C3131,37,Male,West,Basic,23.9,42,3,56.9,Monthly,Card,Yes,6,0,1,1,0
C3132,35,Female,Central,Basic,13.88,8,5,33.1,Monthly,Card,No,1,24,0,3,0
C3133,35,Female,South,2,51.02,18,2,36.6,Monthly,Card,No,7,9,1,1,0
C3134,33,Male,East,Standard,45.41,45,2,38.3,Monthly,Card,Yes,5,0,0,3,0
C3135,23,Male,East,Premium,74.44,14,4,39.3,1,Card,Yes,3,11,3,4,0
C3136,26,Female,Central,Standard,37.55,37,0,40.7,Monthly,Card,Yes,4,0,0,2,0
C3137,33,Non-binary,North,Standard,42.85,26,1,29.5,Yearly,Cash,Yes,8,10,3,2,0
C3138,30,Male,North,Premium,60.55,7,"""""",62.3,Monthly,Card,Yes,4,3,2,2,0
C3139,unknown,Male,North,Premium,67.7,17,0,62.5,Quarterly,Card,Yes,7,2,0,4,0
C3140,39,Female,West,Basic,18.5,1,4,unknown,Quarterly,Card,No,5,6,0,1,1
C3141,35,Female,West,Basic,16.45,7,1,38.7,Monthly,Card,Yes,5,9,1,1,0
C3142,31,Female,East,Standard,49.64,12,3,__45.1__,Quarterly,UPI,No,5,9,1,2,1
C3143,32,Female,East,Premium,69.59,12,0,33.1,Monthly,Bank Transfer,Yes,9,6,__0__,3,0
C3144,37,Male,Central,Premium,"""83.58""",28,0,44.3,Monthly,Card,No,6,0,2,2,0
C3145,52,Male,South,Premium,69.63,7,4,50.4,3,Card,No,5,19,0,3,0
C3146,64,Female,South,Basic,10.73,13,7,50.5,,Card,Yes,1,11,0,1,1
C3147,47,Male,East,Standard,,8,0,51.5,,UPI,No,8,1,0,3,0
C3148,28,Male,Central,2,41.49,13,0,27.6,2,UPI,,8,1,1,2,0
C3149,51,Female,South,Basic,8.5,37,5,39.9,Quarterly,Card,No,3,6,0,2,1
C3150,18,Male,Central,Basic,18.92,24,7,31.4,Yearly,Card,Yes,5,6,0,1,0
C3151,34,Female,Central,Basic,17.34,8,8,45.8,Monthly,Bank Transfer,Yes,1,26,2,1,1
C3152,48,Male,Central,Standard,36.85,6,2,34.4,Monthly,Bank Transfer,No,8,12,0,2,0
C3153,46,Female,East,Basic,12.19,10,7,33.6,Monthly,UPI,Yes,2,20,2,1,0
C3154,23,Female,East,Basic,20.35,3,NaN,46.8,Monthly,UPI,1,7,12,2,2,0
C3155,34,Male,Central,Basic,22.29,25,6,23.1,2,Bank Transfer,No,5,6,3,2,0
C3156,55,Male,Central,Basic,27.94,12,3,44.6,Quarterly,Card,Yes,6,12,0,1,0
C3157,31,Female,South,Standard,"""51.44""",27,6,,Monthly,Card,Yes,1,11,1,3,1
C3158,37,Female,West,Premium,69.42,5,0,53.9,Monthly,Card,Yes,5,11,2,2,0
C3159,52,Female,North,3,NaN,17,1,68.1,,Card,Yes,6,0,2,2,0
C3160,33,Female,Central,2,,48,0,27.5,Yearly,UPI,0,9,0,0,2,0
C3161,33,,East,Standard,44.54,63,0,57.4,Monthly,Card,No,6,0,0,2,0
C3162,56,N/A,North,Basic,8.5,2,5,49.5,Monthly,UPI,No,3,19,2,2,1
C3163,42,Male,South,Basic,24.43,3,4,__53.9__,Yearly,Bank Transfer,Yes,7,"""""",3,3,0
C3164,32,Male,West,Basic,8.5,21,__6__,63.2,Monthly,Cash,Yes,4,6,0,2,0
C3165,26,Female,West,Basic,22.36,15,5,"""47.5""",Monthly,UPI,Yes,5,22,0,1,0
C3166,49,Male,East,Standard,44.03,8,0,57.5,Monthly,Card,Yes,9,8,2,3,0
C3167,35,Male,Central,Standard,51.9,55,3,46.7,1,Bank Transfer,No,5,5,0,1,0
C3168,36,Male,Central,Premium,86.22,20,0,58.3,Monthly,Card,Yes,6,0,3,3,0
C3169,19,Non-binary,South,Standard,,38,7,31.1,Yearly,Bank Transfer,Yes,2,11,0,1,0
C3170,37,Female,North,Standard,42.97,34,0,47.3,Monthly,Card,Yes,7,13,0,3,0
C3171,,Male,South,Basic,21.57,41,4,33.8,Monthly,Bank Transfer,Yes,NaN,0,0,1,0
C3172,27,Male,East,Standard,41.61,10,5,47.1,Monthly,UPI,No,2,9,0,2,0
C3173,32,Female,South,Basic,10.9,2,9,66.4,Yearly,Card,Yes,1,10,0,3,0
C3174,43,Female,North,Basic,8.5,5,9,40.5,Monthly,UPI,No,4,26,0,2,1
C3175,34,Male,Central,Basic,"""27.53""",66,3,61,Monthly,UPI,Yes,4,0,0,2,0
C3176,50,Female,North,Standard,65.79,32,2,unknown,Yearly,Cash,No,6,14,0,1,0
C3177,18,Male,Central,Premium,73.66,11,1,61.8,Monthly,Card,__value__,5,0,1,2,0
C3178,44,Male,Central,Premium,67.08,unknown,0,47.6,Yearly,Card,Yes,3,0,2,3,0
C3179,32,unknown,Central,Premium,87.35,17,0,54.1,Monthly,Card,No,7,0,1,2,0
C3180,35,Female,West,Basic,15.81,6,4,39.6,1,UPI,Yes,9,13,4,3,0
C3181,29,Male,West,Standard,34.46,1,1,46.8,Monthly,Card,No,6,6,0,1,0
C3182,26,Female,South,Basic,25.97,60,3,46.5,Monthly,UPI,Yes,5,5,0,2,0
C3183,18,Male,North,Premium,87.65,72,6,77,Monthly,Bank Transfer,Yes,3,14,0,3,0
C3184,36,Female,North,Standard,31.92,40,1,51.7,Yearly,Card,Yes,7,2,2,3,0
C3185,18,Female,Central,unknown,59.67,4,0,30.7,Monthly,Bank Transfer,Yes,9,13,1,2,0
C3186,46,Female,South,Premium,69.94,7,5,40.6,,UPI,Yes,1,0,3,4,1
C3187,43,Male,Central,Premium,63.51,5,1,48.6,Monthly,UPI,Yes,6,0,2,5,0
C3188,26,Male,North,__value__,73.64,29,6,54.5,N/A,Card,No,4,15,3,5,0
C3189,43,Male,South,Basic,10.1,4,5,34,Monthly,Bank Transfer,Yes,7,0,0,1,0
C3190,21,Female,East,Standard,48.72,13,0,"""""",Monthly,UPI,Yes,6,0,0,1,0
C3191,unknown,Non-binary,South,Basic,31.15,3,1,32.3,Monthly,UPI,No,10,unknown,0,2,0
C3192,58,Male,North,Basic,22.04,3,6,52.4,Monthly,UPI,Yes,4,4,0,2,0
C3193,40,Female,North,Basic,14.77,36,6,58.7,Yearly,UPI,0,5,11,0,NaN,0
C3194,33,Male,Central,Standard,43.36,13,0,44.8,Monthly,Bank Transfer,No,7,3,1,unknown,0
C3195,29,Male,South,__value__,33.2,12,5,37.4,Quarterly,UPI,Yes,7,0,0,1,0
C3196,36,Female,West,Premium,88.63,9,0,60.2,Yearly,Cash,No,7,15,3,3,0
C3197,36,Female,North,Premium,76.41,3,2,25.3,Monthly,Bank Transfer,Yes,5,6,0,3,1
C3198,43,Female,Central,Standard,40.84,5,0,50.3,Monthly,UPI,No,7,9,0,2,0
C3199,25,Male,West,Premium,76.49,11,5,56.9,Monthly,UPI,No,4,9,2,3,0
C3200,18,Female,South,,75.04,13,0,49.8,Monthly,Cash,No,3,18,2,5,0
C3201,31,Female,North,Standard,48.08,9,2,29.4,Monthly,UPI,Yes,7,3,0,1,0
C3202,54,Male,East,Basic,22.4,49,4,45.7,Monthly,Bank Transfer,Yes,1,26,0,1,0
C3203,31,Male,West,,52.33,72,1,42.9,Yearly,Cash,No,NaN,10,0,2,0
C3204,29,Male,Central,Standard,48.2,4,1,39.7,Monthly,Card,Yes,5,0,0,3,0
C3205,22,Female,West,Standard,34.8,7,0,41.5,Monthly,Bank Transfer,1,4,15,3,3,0
C3206,31,Male,North,Premium,73.68,7,0,57.3,Quarterly,Card,No,4,29,1,2,0
C3207,18,Male,Central,Standard,31.3,16,0,40.9,Quarterly,Card,Yes,5,5,0,2,0
C3208,30,Female,South,Basic,,30,5,17.7,Quarterly,Card,No,3,9,4,3,0
C3209,52,Female,West,Basic,22.52,18,6,NaN,Monthly,Card,,6,14,1,1,0
C3210,18,Female,,Standard,36.82,72,5,32.4,N/A,Bank Transfer,No,4,12,2,1,0
C3211,49,Female,North,Basic,14.51,12,7,32.6,Quarterly,Card,1,3,17,3,1,0
C3212,27,Female,East,Basic,18.08,18,6,44,1,Card,Yes,3,0,2,3,0
C3213,34,Male,Central,Standard,37.51,6,3,41.5,3,Card,No,5,5,0,3,0
C3214,47,Male,West,Premium,67.78,"""""",2,65.5,Monthly,Card,Yes,1,9,3,3,0
C3215,45,Female,Central,Standard,37.05,4,,26.6,Quarterly,Bank Transfer,Yes,9,20,2,2,0
C3216,36,Female,Central,Standard,29.81,37,2,33.9,Monthly,Card,No,"""""",6,0,2,0
C3217,20,Male,West,Standard,53.54,18,4,53,Quarterly,Bank Transfer,Yes,4,0,0,2,0
C3218,41,Female,East,Standard,__34.22__,43,__1__,54.9,Monthly,UPI,Yes,5,0,2,2,0
C3219,40,Female,Central,Basic,"""29.54""",42,3,57.5,Monthly,Card,No,5,13,1,1,0
C3220,28,Male,South,Standard,43.32,15,0,47.6,1,Card,No,8,0,2,2,0
C3221,34,Male,South,Basic,"""""",6,7,40.4,Yearly,UPI,No,5,5,4,1,0
C3222,,Female,East,Basic,8.5,26,6,30.4,Yearly,Card,Yes,5,27,3,3,0
C3223,52,Female,North,Standard,47.14,4,1,37.8,Quarterly,Card,Yes,4,0,0,2,0
C3224,18,Male,West,Standard,25.71,3,0,49,Monthly,Bank Transfer,Yes,5,2,1,3,0
C3225,36,,North,Standard,39.55,3,1,25.8,Monthly,Bank Transfer,Yes,4,7,0,1,1
C3226,35,Male,West,Standard,37.68,2,0,28.3,Monthly,Card,Yes,6,12,0,1,0
C3227,46,Male,Central,3,69.22,unknown,1,51.7,Monthly,Card,No,4,1,1,3,0
C3228,56,Male,South,Basic,29.47,51,1,43.6,Yearly,Card,No,6,3,5,4,0
C3229,53,Male,Central,Basic,8.5,29,5,22.5,Monthly,Bank Transfer,Yes,5,9,1,3,0
C3230,27,Male,East,Basic,17.59,8,6,34.8,Quarterly,Card,Yes,2,19,0,2,1
C3231,26,Female,West,Standard,45.35,18,2,34.7,Monthly,UPI,Yes,7,2,2,2,0
C3232,33,Male,North,Standard,35.6,20,2,51.2,Yearly,UPI,Yes,8,0,2,3,0
C3233,29,Male,South,Basic,11.83,11,6,43.3,Quarterly,Card,Yes,4,0,1,1,0
C3234,,Female,Central,Standard,40.61,16,2,"""43.2""",Monthly,Bank Transfer,,6,0,0,1,0
C3235,45,Male,Central,Premium,61.93,3,0,50.6,Quarterly,Card,No,8,unknown,1,1,0
C3236,49,Female,South,Basic,28.56,1,5,48,Monthly,Bank Transfer,No,6,12,0,2,0
C3237,47,Male,Central,2,46.65,13,2,36.9,Monthly,Cash,No,6,27,0,1,1
C3238,38,Female,South,Basic,23.26,4,5,19,2,UPI,No,3,2,1,1,0
C3239,31,Male,West,Standard,32.23,2,3,29.2,Monthly,Bank Transfer,Yes,4,10,0,3,0
C3240,42,Male,West,Basic,21.01,unknown,6,33.3,Yearly,Cash,No,3,7,1,4,0
C3241,60,Male,West,Basic,8.5,72,3,38.6,Monthly,Card,Yes,6,2,2,3,0
C3242,40,Male,North,Basic,12.02,12,4,29.8,Monthly,Card,Yes,3,21,0,2,0
C3243,41,Male,South,Standard,48.77,6,3,27.3,Yearly,Card,Yes,4,4,0,2,0
C3244,33,Male,East,Standard,33.73,23,2,23.8,2,Card,,7,17,3,2,0
C3245,40,Female,West,Standard,48.25,3,0,36.1,Yearly,Card,Yes,7,1,1,2,0
C3246,38,Male,East,Standard,19.91,15,1,20.1,Quarterly,Card,Yes,5,0,2,1,0
C3247,53,Female,South,Basic,43.89,18,8,40.4,Quarterly,UPI,Yes,2,23,0,"""""",0
C3248,__18__,Male,Central,Basic,18.88,7,8,42.8,Yearly,Card,No,4,16,0,3,0
C3249,25,Female,East,Premium,70.88,22,2,45.2,Monthly,Bank Transfer,Yes,6,9,2,3,0
C3250,34,Male,__value__,Basic,18.34,3,2,60.7,Monthly,Card,Yes,2,10,0,1,0
C3251,45,Female,North,Premium,85.19,2,3,"""67.9""",Monthly,UPI,No,7,10,0,2,0
C3252,18,Male,West,Basic,9.59,72,6,35.7,Monthly,Cash,No,3,8,0,3,0
C3253,42,Male,Central,Standard,42.51,6,1,33.7,Monthly,Card,Yes,5,0,2,2,0
C3254,21,Non-binary,South,Premium,93.99,24,0,46.4,Monthly,Bank Transfer,No,6,0,0,3,0
C3255,NaN,Male,West,Premium,64.72,17,4,60.9,Quarterly,Card,Yes,5,25,3,3,1
C3256,43,Male,East,Standard,39.96,2,0,67.4,Yearly,Bank Transfer,Yes,7,24,3,2,0
C3257,33,N/A,East,Basic,17.29,36,6,40.4,Yearly,Bank Transfer,Yes,5,0,0,1,0
C3258,35,Female,East,__value__,10.19,5,3,48,Monthly,Card,Yes,5,19,0,5,0
C3259,32,Male,North,Premium,65.16,1,0,61.5,Monthly,UPI,Yes,4,16,4,3,0
C3260,48,Female,Central,Basic,unknown,16,2,41.4,Yearly,Card,Yes,,unknown,2,3,0
C3261,52,Male,East,Standard,44.91,6,3,39.2,Yearly,Card,Yes,3,9,4,4,0
C3262,30,Male,Central,Standard,"""51.8""",4,6,36.3,Monthly,Bank Transfer,No,5,28,0,3,0
C3263,37,Male,East,Standard,44.51,16,7,44.8,Monthly,Bank Transfer,Yes,2,17,2,3,1
C3264,56,Male,South,Premium,76.6,1,1,58.9,Monthly,Bank Transfer,Yes,5,16,1,3,0
C3265,43,Female,East,Basic,10.85,15,5,65.4,Yearly,Card,Yes,7,9,0,2,0
C3266,50,Female,West,Premium,69.72,22,1,47.7,Monthly,Bank Transfer,No,6,13,2,3,0
C3267,56,Male,East,Premium,89.96,15,5,61.9,Yearly,Bank Transfer,Yes,3,16,4,2,0
C3268,24,Male,South,Basic,20.93,12,5,21.5,Monthly,Card,No,unknown,29,0,1,1
C3269,45,Male,East,Standard,45.99,29,0,47.9,Yearly,Card,Yes,7,16,0,1,0
C3270,45,Male,Central,Premium,64.06,8,3,49.3,Yearly,Bank Transfer,No,7,5,3,4,0
C3271,42,Female,South,Premium,67.13,68,3,37.4,Monthly,Card,No,2,2,3,2,0
C3272,44,Female,East,Standard,40.79,17,6,__41.9__,Monthly,Bank Transfer,Yes,5,18,2,3,0
C3273,27,Female,Central,Standard,44.81,13,4,30.9,Yearly,Bank Transfer,No,4,13,2,1,0
C3274,41,Male,West,Basic,25.55,10,4,44.5,Yearly,Card,No,7,13,2,1,0
C3275,56,Male,Central,Basic,10.07,5,5,35,Quarterly,Card,Yes,6,1,4,3,0
C3276,22,Male,West,Basic,25.72,47,8,38.7,Monthly,Card,Yes,1,21,1,4,1
C3277,46,Female,East,Basic,8.5,3,2,40.7,Yearly,Card,Yes,6,6,2,3,0
C3278,27,Female,North,Basic,21.88,4,2,30.2,Monthly,Card,Yes,6,0,1,2,1
C3279,18,Male,East,Basic,16.79,6,6,25.3,Yearly,Cash,No,5,17,0,1,0
C3280,31,Male,Central,Standard,57.22,17,0,75.1,Quarterly,Bank Transfer,No,9,0,4,2,0
C3281,30,Female,North,Standard,48.84,25,3,43.8,1,Cash,0,9,20,0,2,0
C3282,43,Male,North,Basic,8.5,3,4,47.6,Monthly,Cash,Yes,6,10,3,2,0
C3283,45,Male,North,Premium,"""55.95""",18,0,,Yearly,Card,Yes,10,0,0,3,0
C3284,62,Female,North,Standard,38.91,12,1,37.6,Quarterly,UPI,0,"""""",unknown,3,2,0
C3285,37,Male,North,Basic,20.29,21,5,43.7,Yearly,Card,0,"""""",18,0,2,0
C3286,35,Male,Central,Basic,14.66,12,4,36.6,Yearly,UPI,Yes,4,8,0,1,0
C3287,40,Female,North,Standard,47.74,72,0,31.7,Monthly,Bank Transfer,No,,0,0,3,0
C3288,29,Male,North,Basic,,20,4,57,Monthly,Card,unknown,8,3,3,2,0
C3289,35,Female,North,Standard,56.43,3,2,58.4,Quarterly,Bank Transfer,No,5,24,0,1,1
C3290,27,Female,East,Basic,,8,4,34.5,Quarterly,Bank Transfer,No,3,8,0,2,1
C3291,41,Male,Central,Basic,28.07,10,4,51.8,Yearly,Card,No,5,16,0,1,0
C3292,51,Female,South,Standard,34.21,33,4,41.7,Monthly,Bank Transfer,No,7,9,0,NaN,0
C3293,23,Male,Central,Basic,NaN,1,0,45.8,Yearly,Bank Transfer,No,10,8,0,1,0
C3294,51,Female,North,Standard,57.67,23,4,29.2,Monthly,Card,Yes,1,7,0,3,1
C3295,40,Male,West,Basic,20.42,63,3,57.6,Quarterly,Card,Yes,8,0,4,2,0
C3296,40,Female,North,Premium,80.19,7,3,45.1,Yearly,Card,No,7,0,0,3,1
C3297,33,Male,Central,Basic,25.56,8,5,41.5,Monthly,Card,Yes,2,5,0,1,1
C3298,40,Non-binary,East,Premium,76.91,6,0,49.6,Quarterly,Card,Yes,9,18,3,4,0
C3299,56,Female,West,Standard,34.36,28,0,49.7,Yearly,UPI,No,8,9,0,2,0
C3300,32,Male,North,Standard,"""53.77""",72,0,42.9,Quarterly,Card,No,7,3,0,1,0
C3301,41,Male,South,Basic,22.34,4,5,57.2,Monthly,UPI,Yes,2,10,0,2,0
C3302,36,Female,East,Standard,43.64,4,5,48.7,Yearly,Card,No,5,7,2,2,0
C3303,37,Female,Central,Premium,"""78.65""",39,2,53.9,Monthly,Cash,Yes,4,9,0,3,0
C3304,30,Female,East,Premium,"""76.06""",16,4,49.5,Yearly,UPI,No,3,5,0,3,0
C3305,39,Female,East,Premium,"""""",40,1,"""40.4""",Monthly,Card,Yes,5,12,1,2,0
C3306,49,Male,South,Standard,31.96,1,0,32.2,1,Card,Yes,8,0,3,1,0
C3307,31,Female,West,Standard,36.61,72,0,34.9,Quarterly,Bank Transfer,Yes,8,0,0,1,0
C3308,47,Male,East,Standard,43.17,11,2,44.7,Monthly,Card,No,5,20,3,1,0
C3309,22,Male,North,Basic,unknown,52,2,28.3,Monthly,Card,No,2,6,1,2,0
C3310,36,Female,West,2,43.31,5,2,24.9,Yearly,unknown,No,5,3,3,2,0
C3311,47,Female,South,Standard,60.3,53,0,56,Monthly,Card,Yes,7,0,0,2,0
C3312,18,Male,West,Basic,12.85,7,2,51.1,Quarterly,Card,1,3,8,0,3,0
C3313,41,Female,East,Standard,39.76,4,0,46.6,Quarterly,Card,Yes,10,2,4,3,0
C3314,30,Male,East,2,40.12,27,2,45.1,Monthly,Card,No,3,0,0,2,1
C3315,32,Male,Central,Premium,83.37,6,4,66.9,Monthly,UPI,Yes,,25,3,5,1
C3316,65,Female,North,Standard,43.16,12,0,33.8,Monthly,Card,No,7,8,unknown,1,1
C3317,44,,__value__,Premium,84.89,20,0,61,Quarterly,Cash,1,7,0,1,3,0
C3318,37,Female,West,Premium,78.96,13,0,63,Monthly,Cash,No,6,9,0,3,0
C3319,23,Female,South,3,71.86,23,0,69.4,Quarterly,Card,Yes,unknown,1,3,3,0
C3320,31,Female,East,Standard,31.03,7,0,26.8,Monthly,Cash,No,6,13,2,3,0
C3321,28,Female,West,Basic,13.01,14,5,35.2,2,Card,No,7,11,1,3,1
C3322,25,Female,East,2,32.13,18,unknown,55.7,Monthly,Cash,Yes,4,7,0,1,0
C3323,45,Female,South,Standard,NaN,3,2,46.8,Monthly,Card,Yes,6,0,2,,0
C3324,34,Female,Central,Standard,39.4,6,3,38.7,Quarterly,Card,No,6,16,0,1,0
C3325,25,Female,North,Basic,24.64,23,5,29.7,Monthly,UPI,Yes,"""""",3,1,1,0
C3326,39,Male,East,Premium,72.41,6,3,62.5,Quarterly,UPI,No,8,0,0,1,0
C3327,37,Male,East,Standard,37.24,36,2,48.9,Monthly,UPI,Yes,7,3,4,2,0
C3328,"""""",Female,North,2,44.03,1,0,30.8,Monthly,Cash,Yes,9,0,0,3,0
C3329,28,Female,N/A,Standard,NaN,44,0,61.2,Monthly,Card,Yes,7,11,0,2,0
C3330,31,Female,East,Premium,50.46,2,0,60.9,Quarterly,Bank Transfer,No,7,unknown,5,3,0
C3331,35,Male,West,Basic,8.5,15,7,26.7,Monthly,Card,No,3,8,2,3,1
C3332,43,Male,North,Basic,17.24,11,3,33.7,Monthly,Bank Transfer,Yes,5,13,2,2,0
C3333,32,Female,Central,Standard,53.74,1,0,16,Quarterly,Bank Transfer,Yes,9,0,0,2,0
C3334,68,Female,South,Basic,14.69,21,9,40.1,Quarterly,Card,Yes,1,16,2,3,1
C3335,23,Male,South,Basic,8.5,34,1,40.5,Monthly,UPI,Yes,9,10,0,2,0
C3336,34,Female,East,Standard,34.55,14,5,__22.0__,Monthly,UPI,Yes,3,1,2,2,1
C3337,unknown,Female,West,Standard,51.5,18,3,51.7,Yearly,,Yes,"""""",6,0,1,0
C3338,63,Female,Central,Standard,45.83,4,3,43.2,Monthly,Card,Yes,4,7,0,2,0
C3339,28,Female,East,Basic,8.5,6,7,45.7,Monthly,Card,Yes,4,30,1,3,0
C3340,42,Female,North,Standard,42.34,3,0,41.9,Monthly,Card,No,2,11,1,1,0
C3341,33,Male,South,Standard,44.84,58,6,36.3,Monthly,Card,Yes,3,14,0,1,0
C3342,25,Male,East,Premium,unknown,11,0,56.7,Quarterly,Bank Transfer,Yes,8,2,6,3,0
C3343,25,Male,North,Standard,57.19,29,2,58.2,Monthly,Bank Transfer,No,5,3,__0__,1,0
C3344,40,Male,West,Standard,45.48,4,2,31.8,Yearly,Bank Transfer,No,10,3,2,2,0
C3345,44,Male,North,Premium,67.69,14,5,50.6,Monthly,Bank Transfer,Yes,1,11,5,4,1
C3346,49,Female,South,Standard,45.35,3,0,45.5,Quarterly,UPI,Yes,5,0,0,3,0
C3347,44,Female,Central,Premium,83.18,7,3,33.9,Quarterly,Bank Transfer,No,5,10,3,3,0
C3348,39,Male,North,Standard,28.87,9,unknown,52.9,Yearly,UPI,__value__,4,20,4,4,0
C3349,58,Female,Central,Standard,NaN,36,1,41.9,Monthly,Bank Transfer,Yes,10,0,2,2,0
C3350,"""""",Male,West,Standard,38.84,1,4,38.3,Monthly,Card,No,5,15,0,2,0
C3351,27,Male,South,Premium,74.69,4,3,,Quarterly,Card,Yes,6,6,3,3,1
C3352,50,Female,North,Basic,16.76,12,2,30.6,Monthly,UPI,Yes,6,11,1,2,0
C3353,51,Female,West,Basic,21.4,5,1,53.4,Monthly,UPI,1,5,19,0,1,0
C3354,18,Male,East,Premium,55.13,2,3,64,Yearly,Cash,No,4,24,0,4,0
C3355,29,Male,East,Standard,47.81,45,4,27.1,Monthly,UPI,Yes,1,11,0,1,0
C3356,32,Female,East,Standard,38.78,24,2,38.2,Yearly,Card,1,6,0,2,3,0
C3357,41,Male,Central,Premium,80.53,48,1,47.9,Monthly,Bank Transfer,Yes,4,13,0,3,0
C3358,"""""",Female,Central,N/A,26.38,11,6,33.5,Monthly,Card,Yes,3,2,0,3,0
C3359,38,Male,South,Basic,16.24,60,6,,Monthly,Card,Yes,1,0,0,2,0
C3360,18,Female,West,Basic,8.5,,4,52.9,Quarterly,Card,0,1,4,0,1,0
C3361,42,Female,South,Premium,75.91,42,4,59.3,,Cash,Yes,3,11,2,4,1
C3362,26,Male,North,Standard,40.07,29,2,51.4,N/A,Bank Transfer,No,6,5,1,2,0
C3363,18,Male,South,Premium,71.19,2,unknown,45.3,Quarterly,Card,No,4,12,0,2,0
C3364,50,Male,West,Standard,41.82,20,7,39.3,Yearly,,Yes,,6,0,2,0
C3365,37,Male,East,Standard,__32.48__,4,3,52.6,Monthly,Bank Transfer,Yes,4,17,0,2,1
C3366,55,Female,East,Standard,45.38,13,3,54,Monthly,Card,No,4,0,2,1,1
C3367,41,Female,West,Basic,17.5,,6,42,Quarterly,UPI,No,4,21,1,1,1
C3368,46,Male,Central,Basic,20.68,1,4,50.9,Yearly,Bank Transfer,No,5,26,0,2,0
C3369,27,Male,South,Basic,10.28,8,4,"""28.1""",Monthly,Card,No,5,14,0,1,0
C3370,34,Female,South,Standard,48.91,50,0,28.7,Yearly,UPI,Yes,7,1,,1,0
C3371,,Male,Central,,75.36,1,6,55.4,Quarterly,Card,No,3,17,1,1,1
C3372,31,Female,North,Basic,28.46,66,8,35.1,Yearly,Card,Yes,3,0,1,2,0
C3373,42,Female,North,Basic,20.18,5,5,50.1,Quarterly,UPI,0,6,17,2,1,0
C3374,30,Female,South,Basic,22.64,1,5,37.6,Yearly,UPI,Yes,2,21,2,2,1
C3375,"""""",Female,East,unknown,66.04,13,"""""",52.6,Yearly,UPI,Yes,8,7,3,3,0
C3376,35,Male,West,Basic,27.31,19,8,15.7,Monthly,Card,Yes,1,26,0,1,1
C3377,30,Female,Central,Standard,39.59,21,5,21.9,Monthly,__value__,Yes,4,4,0,1,0
C3378,39,Female,North,Basic,25.38,2,2,29.8,Yearly,Card,No,6,0,0,3,0
C3379,19,Male,Central,Basic,32.37,6,5,37,Yearly,Bank Transfer,1,5,26,0,2,0
C3380,37,Male,South,Standard,38.97,20,4,41.1,1,UPI,Yes,7,0,4,4,0
C3381,39,Male,,Standard,40.54,8,6,51.9,Monthly,Bank Transfer,Yes,,26,"""""",3,0
C3382,32,Male,North,Premium,77.96,NaN,2,45.1,Monthly,Card,Yes,7,0,1,3,0
C3383,47,Female,North,Standard,33.49,1,0,53.4,Quarterly,Card,Yes,7,0,3,2,0
C3384,18,Female,East,Basic,,38,4,38.2,Monthly,Card,Yes,4,7,2,2,0
C3385,37,Male,Central,Basic,22.89,34,4,54.2,Monthly,UPI,No,5,10,4,unknown,0
C3386,25,Female,South,Premium,73.37,5,3,53.4,3,Card,Yes,10,0,3,4,0
C3387,32,Female,Central,Basic,23.93,4,5,53.2,Yearly,UPI,1,6,9,0,2,0
C3388,50,Female,Central,Premium,77.67,5,2,69.7,Yearly,UPI,Yes,4,7,3,3,0
C3389,29,Female,South,Basic,NaN,4,3,43.7,Monthly,Card,No,7,0,0,2,0
C3390,34,Female,South,Premium,75.07,3,0,60.5,Quarterly,Card,Yes,7,0,0,4,0
C3391,42,Male,East,Standard,50.5,11,1,35.3,Monthly,UPI,Yes,4,23,0,2,1
C3392,50,Female,South,Basic,21.35,26,9,38.9,Monthly,Card,Yes,1,21,5,1,1
C3393,41,Female,West,Basic,33.93,14,2,40.8,Yearly,Cash,Yes,8,0,4,1,0
C3394,52,Female,Central,Standard,46.96,19,0,28.6,Yearly,Cash,No,10,0,0,1,0
C3395,28,Female,Central,Premium,89.79,5,0,,Quarterly,Bank Transfer,Yes,6,6,1,1,0
C3396,38,Female,Central,Standard,39.75,3,0,39.4,Quarterly,Card,Yes,5,13,2,2,0
C3397,31,Male,North,Premium,76.57,24,4,"""44.2""",Quarterly,Card,Yes,4,3,2,3,0
C3398,55,Male,West,Standard,40.03,1,2,51.4,,Card,Yes,8,21,4,3,0
C3399,23,Male,South,Standard,45.42,4,2,38.8,Yearly,Bank Transfer,Yes,5,16,0,1,0
C3400,37,__value__,East,Standard,44.15,15,2,38,Monthly,Card,No,9,2,0,2,0
C3401,51,Female,West,Basic,22.11,31,5,27.8,,UPI,Yes,5,8,0,2,0
C3402,27,Male,East,unknown,27.81,4,3,39,Monthly,Card,No,9,7,1,2,0
C3403,38,Female,East,Basic,29.57,1,6,33.7,Yearly,Bank Transfer,0,,7,2,3,0
C3404,31,Male,East,Premium,73.84,52,2,44.6,Quarterly,UPI,No,6,0,0,3,0
C3405,49,Female,East,Standard,34.12,2,3,50,,Card,Yes,9,21,0,2,0
C3406,30,Male,East,Basic,25.49,6,6,36.9,Yearly,Card,Yes,4,20,0,2,0
C3407,35,Male,East,Basic,17.52,33,4,41.1,Quarterly,Card,Yes,9,0,3,2,0
C3408,46,Female,Central,Premium,74.25,3,1,66.1,1,Cash,No,4,0,2,3,0
C3409,49,Male,North,Basic,8.5,66,3,45.1,Quarterly,Bank Transfer,Yes,5,5,1,2,0
C3410,50,Female,West,Standard,42.59,3,2,NaN,Quarterly,Bank Transfer,Yes,5,5,0,2,0
C3411,32,Non-binary,North,Basic,12.47,21,2,37.1,Quarterly,Card,No,6,21,1,2,0
C3412,35,Male,West,Standard,"""36.13""",6,2,30.3,Monthly,Card,No,5,11,0,1,0
C3413,40,Male,East,Basic,14.84,7,3,56.6,Quarterly,Bank Transfer,Yes,6,0,1,2,0
C3414,23,Female,North,Basic,17.78,10,5,"""60.7""",Monthly,Bank Transfer,Yes,5,16,0,1,1
C3415,27,Male,East,2,36.49,6,1,39.9,N/A,UPI,0,8,0,0,1,0
C3416,42,Non-binary,West,Standard,"""44.86""",30,__1__,12.3,Yearly,Bank Transfer,No,6,6,1,4,0
C3417,NaN,Male,Central,Basic,12.97,34,7,50.9,Monthly,UPI,No,4,1,2,2,1
C3418,26,Non-binary,East,Standard,38.41,11,3,53.6,Monthly,Card,No,5,12,0,3,0
C3419,21,Male,Central,Basic,11.58,21,5,36.6,Monthly,Bank Transfer,No,7,4,0,1,0
C3420,29,Female,North,Standard,"""41.31""",21,0,40.9,Monthly,UPI,No,1,13,2,1,1
C3421,40,Male,North,Standard,42.06,6,3,27.4,Yearly,Card,__value__,8,2,0,2,0
C3422,34,Female,Central,Standard,34.86,6,3,32,Monthly,Bank Transfer,No,6,0,0,4,0
C3423,26,Male,North,Premium,66.33,7,0,60,Monthly,Bank Transfer,Yes,3,26,3,2,0
C3424,47,Female,South,Standard,29.97,1,4,53,Monthly,UPI,Yes,6,17,1,2,0
C3425,30,Male,North,Premium,72.51,60,0,51.3,__value__,Bank Transfer,No,8,0,4,5,0
C3426,34,Male,Central,Standard,39.85,11,6,NaN,Yearly,UPI,Yes,3,3,2,2,0
C3427,42,Male,Central,Basic,11.07,35,2,36.1,Yearly,Bank Transfer,Yes,9,0,0,1,0
C3428,38,Female,North,Premium,65.37,2,2,67.7,Monthly,Bank Transfer,No,5,6,0,3,1
C3429,42,Non-binary,South,Basic,22.87,3,8,13.5,Yearly,Bank Transfer,Yes,3,23,1,2,0
C3430,33,Female,Central,Standard,54.76,1,3,,1,Card,Yes,3,5,3,2,0
C3431,29,Male,West,Premium,69.05,13,0,47.8,Monthly,UPI,Yes,5,16,1,4,0
C3432,38,Male,West,Premium,"""80.35""","""""",0,50.8,Monthly,Card,0,9,0,2,3,0
C3433,22,Non-binary,South,Premium,79.33,33,1,31.8,Monthly,Bank Transfer,Yes,5,0,0,3,0
C3434,38,Male,West,Premium,"""73.86""",22,6,57.6,Monthly,Card,Yes,1,23,1,2,1
C3435,32,Male,Central,Basic,8.5,20,6,45.8,Yearly,UPI,No,5,14,0,2,0
C3436,30,Male,Central,Standard,40.45,51,2,28.6,Monthly,UPI,Yes,6,13,2,1,0
C3437,39,Female,East,Standard,51.15,2,0,33.3,Quarterly,Card,Yes,8,4,0,2,0
C3438,28,,Central,Premium,76.01,1,1,41.5,Monthly,Bank Transfer,No,7,8,2,4,0
C3439,27,Male,South,Standard,46.43,3,0,45.2,Monthly,Card,Yes,5,0,0,1,0
C3440,36,Female,South,Premium,61.73,10,0,79,1,UPI,Yes,6,11,2,3,0
C3441,34,Male,North,Basic,21.46,22,3,35.5,Yearly,UPI,No,5,4,1,3,0
C3442,19,Female,Central,Premium,74.64,5,1,51.2,Yearly,Card,No,5,0,2,3,0
C3443,48,Female,West,Basic,,25,1,39.4,Monthly,UPI,Yes,7,9,0,2,0
C3444,36,Female,South,Basic,25.28,26,7,47.3,Monthly,Card,No,4,15,2,3,1
C3445,40,Male,North,Standard,43,2,1,49.6,Quarterly,UPI,No,8,24,5,2,1
C3446,unknown,Female,South,Basic,13.4,7,4,34.2,Monthly,Card,Yes,5,4,4,1,0
C3447,41,Female,Central,Standard,28.24,2,0,"""""",Monthly,UPI,Yes,4,13,2,2,0
C3448,25,Female,North,Premium,84.33,21,2,51,Quarterly,Bank Transfer,No,4,16,2,3,0
C3449,45,Male,East,Premium,80.5,7,4,,1,Card,Yes,3,6,3,3,1
C3450,57,Female,Central,Standard,,20,5,50.3,Monthly,Card,No,4,0,2,1,0
C3451,18,Male,South,Basic,,4,6,30.9,Monthly,Card,Yes,4,26,1,2,0
C3452,48,Female,North,Basic,21.35,32,4,46.5,Monthly,UPI,Yes,5,13,3,3,0
C3453,33,Female,Central,Basic,18.44,__13__,4,42.8,Monthly,Card,Yes,5,"""""",0,1,1
C3454,37,Female,East,Premium,62.5,20,0,,Monthly,Card,Yes,7,0,2,3,0
C3455,26,Female,Central,Standard,28.69,13,0,52.2,Monthly,Card,No,NaN,9,0,3,0
C3456,,Female,Central,Basic,8.5,16,6,33.8,,Cash,Yes,6,18,2,1,0
C3457,21,Male,West,Standard,52.78,__8__,0,23.9,Yearly,Card,Yes,6,11,0,3,0
C3458,26,Male,Central,Basic,8.5,5,6,58,Monthly,Card,Yes,2,0,0,1,1
C3459,39,Male,West,Standard,45.42,13,2,43.6,Monthly,Bank Transfer,Yes,5,0,3,NaN,0
C3460,39,unknown,West,Premium,69.68,7,0,45.2,Monthly,Card,Yes,__6__,0,0,2,0
C3461,40,Male,Central,Basic,26.92,29,6,37.9,3,UPI,No,5,11,0,1,0
C3462,39,Male,North,Standard,39.38,4,0,31.9,Monthly,Cash,Yes,1,9,0,2,0
C3463,53,Male,Central,N/A,62.02,1,4,35.8,Monthly,Card,Yes,6,19,1,3,0
C3464,53,Female,West,2,37.37,17,3,55.8,Monthly,UPI,No,6,0,1,2,0
C3465,46,Female,West,Basic,,6,3,"""55.0""",Quarterly,Card,Yes,5,16,3,4,0
C3466,30,Male,West,Basic,17.68,5,3,20,Monthly,Cash,No,7,9,1,2,0
C3467,41,Male,North,Basic,8.5,19,7,41,Yearly,Bank Transfer,No,6,28,2,2,0
C3468,36,Female,unknown,Basic,11.43,48,7,33.7,Monthly,Card,Yes,3,5,1,3,0
C3469,18,Male,West,2,35.49,16,1,53.5,Yearly,N/A,Yes,7,0,0,2,0
C3470,33,Male,Central,Premium,78.7,5,5,43.6,Yearly,Bank Transfer,Yes,6,29,2,4,0
C3471,39,Female,South,Premium,77.02,3,3,51.4,Monthly,Card,Yes,4,6,1,3,1
C3472,36,Female,Central,Basic,13.99,6,4,40.5,Monthly,UPI,Yes,5,22,0,1,0
C3473,38,Female,Central,,35.77,20,1,41.8,Yearly,UPI,No,8,0,3,4,0
C3474,43,Male,East,Premium,76.08,2,2,61.9,Monthly,UPI,Yes,7,20,0,4,0
C3475,29,Female,East,Basic,,38,1,65.9,,Cash,Yes,5,,2,3,0
C3476,44,Female,West,Basic,17.6,14,4,44.9,Monthly,Bank Transfer,Yes,5,5,2,2,0
C3477,35,Female,Central,Standard,50.14,17,2,41.4,Monthly,Card,Yes,7,0,0,3,0
C3478,37,Male,North,Basic,12.21,6,2,41.6,Monthly,Cash,1,6,0,1,1,0
C3479,32,Male,South,Standard,44.84,21,4,36.4,Monthly,UPI,No,3,16,0,2,1
C3480,27,Male,Central,Standard,41.14,30,2,26.5,Yearly,UPI,Yes,8,0,3,2,0
C3481,43,Male,Central,Standard,"""""",37,3,36.4,Monthly,Card,Yes,5,0,0,3,0
C3482,18,Female,West,Standard,38.4,2,2,45.4,1,Card,Yes,6,3,__0__,1,0
C3483,27,Male,North,Basic,20.38,12,5,38.3,Monthly,Card,Yes,7,6,0,3,0
C3484,46,Male,South,Premium,80.08,6,,46.6,Monthly,Card,Yes,9,0,3,3,0
C3485,23,Female,North,Standard,"""""",unknown,3,56.1,Yearly,Card,Yes,9,19,0,1,0
C3486,46,Female,Central,Standard,50.93,5,2,36,Monthly,UPI,No,4,1,0,3,0
C3487,18,Male,East,Standard,62.86,21,0,46.4,Yearly,Card,Yes,6,0,3,2,0
C3488,31,Female,Central,Premium,77.44,15,0,43.9,Quarterly,Bank Transfer,No,7,17,0,3,0
C3489,23,Male,East,Basic,22.91,5,8,41.4,Monthly,Card,Yes,2,14,0,1,1
C3490,33,Male,East,Premium,74.99,29,2,52.7,Yearly,Bank Transfer,No,8,0,1,2,0
C3491,34,Male,Central,Basic,__8.5__,10,7,45.1,1,Card,No,6,29,2,2,0
C3492,33,Male,North,Premium,68.97,10,4,62.4,Monthly,Bank Transfer,Yes,5,18,5,3,0
C3493,40,Male,Central,Basic,32.35,72,4,29.1,Monthly,Bank Transfer,Yes,5,0,2,3,0
C3494,25,Non-binary,East,__value__,14.9,5,4,53.8,Monthly,Card,No,6,4,0,1,0
C3495,47,Male,East,Premium,86.03,9,1,59.1,Yearly,Bank Transfer,No,7,14,0,3,0
C3496,24,Female,North,Standard,46.28,1,6,29.3,Quarterly,Bank Transfer,Yes,3,14,1,2,0
C3497,32,Female,South,Standard,34.13,3,1,47.5,Monthly,Card,Yes,6,14,0,1,0
C3498,50,,__value__,Basic,"""31.26""",31,6,27.5,Monthly,UPI,Yes,2,16,2,3,1
C3499,38,Female,Central,Basic,11.08,7,3,35.4,Yearly,Bank Transfer,Yes,8,23,2,1,0
C3500,53,Female,South,N/A,59.22,2,0,21.8,Monthly,Card,No,2,6,3,2,1